번호,권제목,날짜,제목,내용,상대,공방,승패
1,삼국유사 권 제23 백제본기 제1,-16,말갈을 크게 격파하다,3년(B.C. 16) 가을 9월에 말갈이 북쪽 경계를 침범하였다. 왕은 굳센 군사를 거느리고 이를 급히 쳐서 크게 이겼다. 적은 살아서 돌아간 자가 열에 한둘이었다.,말갈,방어,승리
2,삼국유사 권 제23 백제본기 제1,-11,말갈을 크게 격파하다,"8년(B.C. 11) 봄 2월에 말갈의 적병 3,000명이 와서 위례성(慰禮城)을 포위하자 왕이 성문을 닫고 나가 싸우지 않았다. 열흘이 지나자 적은 양식이 떨어져 돌아갔다. 〔이에〕 왕이 날랜 군사를 뽑아 대부현(大斧峴)註 001까지 쫓아가서 한 번에 싸워 이겼는데, 죽이거나 사로잡은 자가 5백여 명이었다.",말갈,방어,승리
3,삼국유사 권 제23 백제본기 제1,-9,말갈이 북쪽 국경을 침입하다,10년(B.C. 9)〕 겨울 10월에 말갈이 북쪽 경계를 노략질하였다. 왕이 군사 200명을 보내 곤미천(昆彌川)註 001 가에서 막아 싸우게 하였다. 우리 군사가 거듭 패배하여 청목산(靑木山)註 002에 의지해서 스스로를 지켰다. 왕이 친히 정예 기병 100명을 이끌고 봉현(烽峴)註 003으로 나가서 구원하니 적들이 보고서 곧 물러갔다.,말갈,방어,승리
4,삼국유사 권 제23 백제본기 제1,-8,"	말갈이 낙랑의 부탁을 받고 병산책을 공격하다",11년(B.C. 8) 여름 4월에 낙랑이 말갈(靺鞨)을 시켜 병산책(甁山柵)을 습격하여 무너뜨리고 1백여 명을 죽이거나 사로잡았다.,말갈,방어,패배
5,삼국유사 권 제23 백제본기 제1,-2,낙랑이 침입하여 위례성을 불태우다,17년(B.C. 2) 봄에 낙랑이 쳐들어와서 위례성(慰禮城)을 불태웠다.,낙랑,방어,패배
6,삼국유사 권 제23 백제본기 제1,-1,말갈을 격파하고 추장을 생포하여 마한에 보내다,"18년(B.C. 1) 겨울 10월에 말갈이 갑작스레 습격해왔다. 왕이 군사를 거느리고 칠중하(七重河)註 001에서 맞서 싸워서 추장 소모(素牟)를 사로잡아 마한(馬韓)에 보내고,註 002 나머지 적들은 모두 구덩이에 묻어버렸다.",말갈,방어,승리
7,삼국유사 권 제23 백제본기 제1,4,말갈을 격파하다,"〔22년(4)〕 9월에 왕이 기병 1,000명을 거느리고 부현(斧縣)註 001 동쪽에서 사냥하다가 말갈의 적병을 만나 한 번 싸워 격파하고, 생구(生口)註 002를 사로잡아 장수와 군사들에게 나누어 주었다.",말갈,공격,승리
8,삼국유사 권 제23 백제본기 제1,9,"	마한을 멸망시키다","27년(9) 여름 4월에 두 성[원산성(圓山城)과 금현성(錦峴城)]이 항복하였다. 그 백성들을 한산(漢山) 북쪽으로 옮기니, 마한이 드디어 멸망하였다.",마한,공격,승리
9,삼국유사 권 제23 백제본기 제1,22,말갈이 술천성을 공격하다,40년(22) 가을 9월에 말갈이 술천성(述川城)註 001을 쳐들어왔다.,말갈,방어,미상
10,삼국유사 권 제23 백제본기 제1,22,말갈이 부현성을 습격하다,"〔40년(22)〕 겨울 11월에 〔말갈(靺鞨)이〕 또 부현성(斧峴城)註 001을 습격하여 1백여 명을 죽이고 약탈하니, 왕이 날랜 기병 200명에게 명하여 이를 막아 치게 하였다.",말갈,방어,미상
11,삼국유사 권 제23 백제본기 제1,30,흘우가 말갈과 싸워 대승을 거두다,"3년(30) 겨울 10월에 동부(東部)의 흘우(屹于)註 001가 말갈과 마수산(馬首山)註 002 서쪽에서 싸워 이겼는데, 죽이고 사로잡은 자가 매우 많았다. 왕이 기뻐하여 흘우에게 말 10필과 조(租) 500석을 상으로 주었다.",말갈,미상,승리
12,삼국유사 권 제23 백제본기 제1,31,곤우가 말갈과 싸워 크게 이기다,"4년(31) 가을 8월에 고목성(高木城)註 001의 곤우(昆優)註 002가 말갈과 싸워 크게 이기고, 2백여 명의 머리를 베었다.",말갈,미상,승리
13,삼국유사 권 제23 백제본기 제1,34,말갈이 마수성을 함락시키다,〔7년(34)〕 가을 9월에 말갈이 마수성(馬首城)을 공격하여 함락시키고 불을 질러 백성들의 집을 태웠다.,말갈,방어,패배
14,삼국유사 권 제23 백제본기 제1,34,말갈이 병산책을 습격하다,〔7년(34)〕 겨울 10월에 〔말갈이〕 또 병산책(甁山柵)을 습격하였다.,말갈,방어,미상
15,삼국유사 권 제23 백제본기 제1,55,말갈이 북쪽 변경을 침범하다,〔28년(55)〕 가을 8월에 말갈이 북쪽 변경을 침범하였다.,말갈,방어,미상
16,삼국유사 권 제23 백제본기 제1,64,신라의 와산성과 구양성을 공격하다,"37년(64) 왕이 군사를 보내 신라의 와산성(蛙山城)註 001을 공격하였으나 이기지 못하고, 군사를 옮겨 구양성(狗壤城)註 002을 공격하였다.註 003 신라가 기병 2,000명을 일으켜 맞받아 쳐서 〔백제 군사를〕 패주시켰다.",신라,공격,패배
17,삼국유사 권 제23 백제본기 제1,66,와산성을 공격하여 빼앗다,"39년(66) 와산성을 공격하여 빼앗고, 〔군사〕 200명을 남겨 두어 지키게 하였는데, 얼마 지나지 않아 신라에게 패하였다.",신라,공격,패배
18,삼국유사 권 제23 백제본기 제1,70,군사를 보내 신라를 공격하다,43년(70) 군사를 보내 신라를 쳤다.,신라,공격,미상
19,삼국유사 권 제23 백제본기 제1,74,장수를 보내 신라를 공격하다,47년(74) 가을 8월에 장수를 보내 신라를 쳤다.,신라,공격,미상
20,삼국유사 권 제23 백제본기 제1,75,와산성을 함락시키다,48년(75) 겨울 10월에 또 와산성(蛙山城)을 공격하여 함락시켰다.,신라,공격,승리
21,삼국유사 권 제23 백제본기 제1,76,와산성을 신라가 되찾다,49년(76) 가을 9월에 와산성(蛙山城)을 신라가 되찾았다.,신라,방어,패배
22,삼국유사 권 제23 백제본기 제1,85,신라의 변경을 공격하다,9년(85) 봄 정월에 군사를 보내 신라의 변경을 쳤다.,신라,공격,미상
23,삼국유사 권 제23 백제본기 제1,108,말갈이 우곡에 침입하다,〔32년(108)〕 가을 7월에 말갈이 우곡(牛谷)에 들어와서 백성들을 약탈하고 돌아갔다.,말갈,방어,패배
24,삼국유사 권 제23 백제본기 제1,155,신라의 아찬 길선이 망명해 오다,"겨울 10월에 신라의 아찬(阿湌)註 001길선(吉宣)註 002이 반란을 도모하다가 일이 탄로나자 도망해왔다. 신라왕이 글을 보내 그를 〔돌려보내달라고〕 청하였으나 보내지 않았다. 신라왕이 노하여 군사를 이끌고 쳐들어왔으나 여러 성이 성벽을 굳게 하여 지키기만 하고 나가 싸우지 않으니, 신라 군사들은 군량이 떨어져 돌아갔다.",신라,방어,승리
25,삼국유사 권 제23 백제본기 제1,167,신라의 서쪽 변경을 공격하다,"2년(167) 가을 7월에 몰래 군사를 보내 신라의 서쪽 변경에 있는 두 성을 습격하여 쳐부수고 남녀 1,000명을 사로잡아 돌아왔다.",신라,공격,승리
26,삼국유사 권 제23 백제본기 제1,167,신라가 동쪽 변경을 공격하다,"〔2년(167)〕 8월에 신라왕이 일길찬(一吉湌)註 001흥선(興宣)註 002을 보내 군사 20,000명을 거느리고 나라 동쪽의 여러 성으로 쳐들어왔다. 신라왕도 몸소 정예 기병 8,000명을 거느리고 뒤를 이었는데, 순식간에 한수(漢水)까지 이르렀다. 왕은 신라 군사의 수가 많아 대적할 수 없다고 생각하여 바로 앞서 빼앗았던 것을 돌려주었다.",신라,방어,패배
27,삼국유사 권 제23 백제본기 제1,170,신라의 변경을 공격하다,〔5년(170)〕 겨울 10월에 군사를 내어 신라의 변경을 침공하였다.,신라,공격,미상
28,삼국유사 권 제23 백제본기 제1,188,궁실을 중수하고 신라의 모산성을 공격하다,23년(188) 봄 2월에 궁실을 다시 수리[重修]하였다. 군사를 내어 신라의 모산성(母山城)註 001을 공격하였다.,신라,공격,미상
29,삼국유사 권 제23 백제본기 제1,189,신라와 구양에서 싸워 패배하다,"〔24년(189)〕 가을 7월에 우리 군사가 신라와 구양(狗壤)에서 싸워 패배하였는데, 죽은 자가 5백여 명이었다.",신라,미상,패배
30,삼국유사 권 제23 백제본기 제1,190,신라의 원산향을 공격하고 부곡성을 포위하다,"25년(190) 가을 8월에 군사를 내어 신라 서쪽 국경의 원산향(圓山鄕)註 001을 습격하고, 나아가 부곡성(缶谷城)註 002을 포위하였다. 신라 장군 구도(仇道)註 003가 기마병[馬兵] 500명을 거느리고 막았다. 우리 군사가 거짓으로 물러나자 구도가 와산(蛙山)까지 추격해왔다. 우리 군사가 되받아 쳐서 크게 이겼다.",신라,공격,승리
31,삼국유사 권 제23 백제본기 제1,199,지진이 일어나고 신라의 변경을 공격하다,34년(199) 가을 7월에 지진이 일어났다. 군사를 보내 신라의 변경을 쳤다.,신라,공격,미상
32,삼국유사 권 제23 백제본기 제1,204,신라의 요거성을 공격하여 성주 설부를 죽이다,"39년(204) 가을 7월에 군사를 내어 신라의 요거성(腰車城)註 001을 공격하여 함락시키고, 성주 설부(薛夫)註 002를 죽였다. 신라의 왕 나해(奈解)註 003가 노하여 이벌찬(伊伐飡)註 004이음(利音)註 005을 장수로 삼아 6부의 정예군사註 006를 거느리고 와서 우리의 사현성(沙峴城)註 007을 공격하게 하였다",신라,공격,승리
33,삼국유사 권 제23 백제본기 제1,210,말갈이 사도성을 공격하다,〔45년(210)〕 겨울 10월에 말갈이 사도성(沙道城)을 공격해왔으나 이기지 못하자 성문을 불태우고 달아났다.,말갈,방어,승리
34,삼국유사 권 제23 백제본기 제1,214,북부의 진과가 말갈의 석문성을 공격하다,"49년(214)註 001 가을 9월에 북부(北部)의 진과(眞果)註 002에게 명하여 군사 1,000명을 거느리고 말갈의 석문성(石門城)을 습격하여 빼앗도록 하였다.",말갈,공격,승리
35,삼국유사 권 제23 백제본기 제1,214,말갈이 침입하여 술천에 이르다,〔49년(214)〕 겨울 10월에 말갈이 날쌘 기병으로 쳐들어와서 술천(述川)註 001에 이르렀다.,말갈,방어,미상
36,삼국유사 권 제23 백제본기 제2,216,말갈이 적현성을 공격하다,"3년(216) 가을 8월에 말갈이 와서 적현성(赤峴城)註 001을 에워쌌다. 성주가 굳게 막으니 적이 물러나 돌아갔다. 왕이 굳센 기병 800명을 이끌고 뒤쫓아가 사도성(沙道城)註 002 아래에서 싸워 쳐부수었는데, 죽이거나 사로잡은 자가 매우 많았다.",말갈,방어,승리
37,삼국유사 권 제23 백제본기 제2,218,신라의 장산성을 공격하다,5년(218)에 왕이 군사를 보내 신라의 장산성(獐山城)註 001을 에워쌌다. 신라왕이 직접 군사를 이끌고 치니 우리 군사가 졌다.,신라,공격,패배
38,삼국유사 권 제23 백제본기 제2,220,왕성 서문에 화재가 발생하고 말갈이 북쪽 변경을 노략질하다,7년(210) 겨울 10월에 왕성(王城) 서문이 불탔다.註 001말갈이 북쪽 변경을 노략질하므로 군사를 보내 막았다.,말갈,방어,승리
39,삼국유사 권 제23 백제본기 제2,222,신라의 우두진을 공격하다,"〔9년(222)〕 겨울 10월에 군사를 보내 신라의 우두진(牛頭鎭)註 001으로 들어가 민가를 약탈하였다. 신라의 장군 충훤(忠萱)註 002이 군사 5,000명을 이끌고 웅곡(熊谷)註 003에서 맞아 싸웠으나 크게 지고 혼자 말을 타고 도망갔다.",신라,공격,승리
40,삼국유사 권 제23 백제본기 제2,224,신라의 연진이 쳐들어오다,11년(224) 가을 7월에 신라의 일길찬(一吉飡) 연진(連珍)註 001이 쳐들어왔다. 우리 군사가 봉산(烽山)註 002 아래에서 맞서 싸웠으나 이기지 못하였다.,신라,방어,패배
41,삼국유사 권 제23 백제본기 제2,229,전염병이 돌고 말갈이 약탈하다,"〔16년(229)〕 11월에 전염병이 크게 번졌다. 말갈이 우곡(牛谷)註 001 경계에 들어와 사람과 재물을 약탈하였다. 왕이 정예 군사 300명을 보내 막았는데, 적의 복병이 양쪽에서 쳐서 우리 군사가 크게 졌다.",말갈,방어,패배
42,삼국유사 권 제23 백제본기 제2,240,신라를 공격하다,7년(240)에 군사를 보내 신라를 쳤다.,신라,공격,미상
43,삼국유사 권 제23 백제본기 제2,246,낙랑의 변방을 공격하여 주민들을 잡아오다,"〔13년(246)〕 가을 8월에 위(魏)나라註 001 유주자사(幽州刺史)註 002관구검(毌丘儉)註 003이 낙랑태수(樂浪太守) 유무(劉茂)註 004, 삭방(朔方)註 005 태수 왕준(王遵)註 006과 함께 고구려를 쳤다.註 007 왕이 빈틈을 타서 좌장(左將) 진충(眞忠)을 보내 낙랑의 변경 주민을 습격하여 빼앗으니註 008유무가 듣고 노하였다. 왕이 침략 당할 것을 염려하여 그 주민들을 돌려주었다.",낙랑,공격,승리
44,삼국유사 권 제23 백제본기 제2,255,신라와 괴곡의 서쪽에서 싸워 승리하다,22년(225) 가을 9월에 군사를 내어 신라를 쳤다. 신라의 군사와 괴곡(槐谷)註 001 서쪽에서 싸워 이기고 그 장수 익종(翊宗)註 002을 죽였다.,신라,공격,승리
45,삼국유사 권 제23 백제본기 제2,255,신라의 봉산성을 공격하다,〔22년(225)〕 겨울 10월에 군사를 보내 신라의 봉산성(烽山城)註 001을 쳤으나 이기지 못하였다.,신라,공격,패배
46,삼국유사 권 제23 백제본기 제2,266,신라의 봉산성을 공격하다,33년(266) 가을 8월에 군사를 보내 신라의 봉산성(烽山城)을 공격하였다. 성주 직선(直宣)註 001이 힘센 군사 200명을 거느리고 나와 치니 〔우리 군사가〕 졌다.,신라,공격,패배
47,삼국유사 권 제23 백제본기 제2,272,신라를 공격하다,39년(272) 겨울 11월에 군사를 보내 신라를 쳤다.,신라,공격,미상
48,삼국유사 권 제23 백제본기 제2,278,신라의 괴곡성을 포위하다,45년(278) 겨울 10월에 군사를 내어 신라를 공격해 괴곡성(槐谷城)註 001을 에워쌌다.,신라,공격,미상
49,삼국유사 권 제23 백제본기 제2,283,신라의 변경을 공격하다,50년(283) 가을 9월에 군사를 보내 신라의 변경을 쳤다.,신라,공격,미상
50,삼국유사 권 제23 백제본기 제2,298,한과 맥이 쳐들어오고 책계왕이 죽다,13년(298)註 001 가을 9월에 한(漢)나라註 002가 맥(貊)註 003 사람들과 함께 쳐들어왔다. 왕이 나가서 막다가 적의 군사에게 해를 입어 돌아가셨다.,"한, 맥",방어,미상
51,삼국유사 권 제23 백제본기 제2,304,낙랑의 서쪽 현을 기습하여 점령하다,7년(304)註 001 봄 2월에 몰래 군사를 보내 낙랑(樂浪)의 서쪽 현(縣)을 습격하여 빼앗았다.,낙랑,공격,승리
52,삼국유사 권 제23 백제본기 제2,369,치양에서 고구려군을 크게 물리치다,"24년(369) 가을 9월에 고구려 왕 사유(斯由)註 001가 보병과 기병 20,000명을 이끌고 치양(雉壤)註 002에 와서 진을 치고는 군사를 나누어 민가를 약탈하였다. 왕이 태자를 보내니, 〔태자는〕 군사를 이끌고 지름길로 치양에 이르러서 급히 쳐부수고 5천여 명을 잡았는데,註 003 사로잡은 포로는 장수와 군사들에게 나누어주었다.",고구려,방어,승리
53,삼국유사 권 제23 백제본기 제2,371,패하에서 고구려군을 격파하다,26년(371)에 고구려가 군사를 일으켜 왔다. 왕이 듣고 군사를 패하(浿河)註 001 가에 매복시켜 그들이 이르기를 기다렸다가 급히 치니 고구려 군사가 패배하였다.,고구려,공격,승리
54,삼국유사 권 제23 백제본기 제2,371,고구려 평양성을 공격하여 고국원왕을 죽이다,"〔26년(371)〕 겨울에 왕이 태자와 정예 군사 30,000명을 이끌고 고구려를 쳤다. 평양성(平壤城)註 001을 공격하니 고구려 왕 사유(斯由)가 힘껏 싸우며 막다가 날아오는 화살에 맞아 죽었다.註 002 왕이 군사를 이끌고 물러났다.",고구려,공격,승리
55,삼국유사 권 제23 백제본기 제2,375,고구려가 수곡성을 함락시키다,30년(375)註 001 가을 7월에 고구려가 북쪽 변경으로 쳐들어와 수곡성(水谷城)註 002을 함락시켰다.註 003 왕이 장수를 보내 막도록 하였으나 이기지 못하였다. 왕이 다시 크게 군사를 일으켜 보복하려 하였다가 흉년이 들어 하지 못하였다.,고구려,방어,패배
56,삼국유사 권 제23 백제본기 제2,375,근구수왕이 즉위하다,"근구수왕(近仇首王)註 001 이름[諱]을 수(須)라고도 한다은 근초고왕(近肖古王)의 아들이다. 이에 앞서 고구려의 국강왕(國岡王)註 002사유(斯由)가 몸소 쳐들어오니 근초고왕이 태자를 보내 막았다. 〔태자가〕 반걸양(半乞壤)註 003에 이르러 싸우려 하였다. 〔이때〕 고구려 사람 사기(斯紀)註 004는 본래 백제 사람으로서 왕이 타는 말의 발굽을 상하게 하는 잘못을 저지르고서 죄를 받을까 두려워해 저쪽으로 달아났다가 이때 돌아와 태자에게 아뢰기를, “저쪽 군사는 비록 많긴 하지만 모두 숫자를 채운 거짓 군사일 뿐입니다. 날래고 용감한 것은 오직 붉은 깃발뿐이니 제일 먼저 이들을 깨뜨리면 그 나머지는 공격하지 않더라도 스스로 무너질 것입니다.”라고 하였다. 태자가 그 말을 좇아 나아가 공격하니 크게 이겼다. 달아나는 자를 뒤쫓아 수곡성(水谷城) 서북쪽에까지 이르니 장군 막고해(莫古解)註 005가 간하여 말하기를, “일찍이 듣건대 도가(道家)註 006의 말에 ‘만족할 줄 알면 욕을 당하지 않고 그칠 줄 알면 위태롭지 않다’註 007고 하였습니다. 지금 얻은 바가 많은데 어찌하여 꼭 많은 것을 구하십니까?”라고 하였다. 태자가 옳다고 여겨 멈추었다. 이에 돌을 쌓아 표시하고 그 위에 올라 좌우를 둘러보며 말하기를, “오늘 이후로 누가 다시 이곳에 이를 수 있을까?”라고 하였다. 그곳에 바위가 있는데, 갈라진 틈이 마치 말발굽 같아 사람들이 지금까지도 태자의 말 발자국이라고 부른다. 근초고왕이 재위 30년(375)에 돌아가시자 왕위에 올랐다.",고구려,방어,승리
57,삼국유사 권 제23 백제본기 제2,376,고구려가 북쪽 변경을 침입하다,〔2년(376)〕 겨울 11월에 고구려가 북쪽 경계로 쳐들어왔다.,고구려,방어,미상
58,삼국유사 권 제23 백제본기 제2,377,고구려의 평양성을 공격하다,"3년(377) 겨울 10월에 왕이 군사 30,000명을 거느리고 고구려의 평양성(平壤城)을 쳤다.",고구려,공격,미상
59,삼국유사 권 제23 백제본기 제2,377,고구려가 침입하다,〔3년(377)〕 11월에 고구려가 쳐들어왔다.,고구려,방어,미상
60,삼국유사 권 제23 백제본기 제3,386,고구려가 침입하다,〔2년(386)〕 8월에 고구려가 쳐들어왔다.,고구려,방어,미상
61,삼국유사 권 제23 백제본기 제3,387,관미령에서 말갈과 전투를 벌이다,〔3년(387)〕 가을 9월에 말갈(靺鞨)과 관미령(關彌嶺)註 001에서 싸웠으나 이기지 못하였다.,말갈,미상,패배
62,삼국유사 권 제23 백제본기 제3,389,고구려의 남쪽 변경을 침략하다,5년(389) 가을 9월에 왕이 군사를 보내 고구려의 남쪽 변경을 침입하고 약탈하였다.,고구려,공격,승리
63,삼국유사 권 제23 백제본기 제3,390,"진가모가 도곤성을 빼앗고, 병관좌평에 임명되다.","〔6년(390)〕 9월에 왕이 달솔(達率) 진가모(眞嘉謨)에게 고구려를 치라고 명령하니, 〔진가모가〕 도곤성(都坤城)註 001을 빼앗고 200명을 사로잡았다. 왕이 진가모를 병관좌평(兵官佐平)에 임명하였다.",고구려,공격,승리
64,삼국유사 권 제23 백제본기 제3,391,말갈이 적현성을 함락시키다,〔7년(391)〕 여름 4월에 말갈이 북쪽 변경의 적현성(赤峴城)註 001을 공격하여 함락시켰다.,말갈,방어,패배
65,삼국유사 권 제23 백제본기 제3,392,고구려왕 담덕의 공격을 받아 석현성 등을 빼앗기다,"〔8년(392)〕 가을 7월에 고구려왕 담덕(談德)註 001이 40,000명의 군사를 거느리고 북쪽 변경을 공격하여 석현성(石峴城)註 002 등 10여 성을 함락시켰다. 왕은 담덕이 군사를 잘 부린다는 말을 듣고 나가서 막지 못하니, 한수(漢水) 북쪽의 여러 부락을 많이 빼앗겼다.",고구려,방어,패배
66,삼국유사 권 제23 백제본기 제3,392,고구려에게 관미성을 빼앗기다,〔8년(392)〕 겨울 10월에 고구려가 관미성註 001을 쳐서 빼앗았다.,고구려,방어,패배
67,삼국유사 권 제23 백제본기 제3,393,진무가 석현성 등을 되찾기 위해 출전하다,"〔2년(393)〕 가을 8월에 왕이 진무(眞武)에게 말하기를, “관미성(關彌城)은 우리나라 북쪽 변경의 요충지이다. 지금 고구려의 소유가 되었으니, 이는 과인이 분하고 애석하게 여기는 것이다. 경은 마땅히 마음을 써서 치욕을 갚아야 할 것이다.”라고 하였다. 드디어 군사 10,000명을 거느리고 고구려의 남쪽 변경을 칠 것을 도모하였다. 진무는 몸소 군사보다 앞장서서 화살과 돌을 무릅쓰고 석현성(石峴城) 등 다섯 성을 되찾으려고 먼저 관미성을 포위했는데, 고구려 사람들이 성문을 닫고 굳게 지켰다. 진무는 군량의 수송로가 이어지지 않자 여의치 않자 〔군사를〕 이끌고 돌아왔다.",고구려,공격,패배
68,삼국유사 권 제23 백제본기 제3,394,고구려와 수곡성 아래에서 싸워 패배하다,〔3년(394)〕 가을 7월에 고구려와 수곡성(水谷城)註 001 아래에서 싸워 패하였다.,고구려,공격,패배
69,삼국유사 권 제23 백제본기 제3,395,진무가 고구려를 공격하다가 크게 패하다,"〔4년(395)〕 가을 8월에 왕이 좌장(左將) 진무(眞武) 등에게 명하여 고구려를 치게 하였다. 고구려왕 담덕(談德)이 몸소 군사 7,000명을 이끌고 패수(浿水) 가에 진을 치고 막아 싸웠는데, 우리 군사가 크게 패해 죽은 자가 8,000명이었다.",고구려,공격,패배
70,삼국유사 권 제23 백제본기 제3,395,패수 전투의 패배를 보복하기 위하여 출전하다,"〔4년(395)〕 겨울 11월에 왕이 패수(浿水) 전투〔의 패배〕를 보복하기 위하여, 직접 군사 7,000명을 이끌고 한수(漢水)를 건너 청목령(靑木嶺)註 001 아래에 진을 쳤다. 마침 큰 눈을 만나 군사들이 많이 얼어 죽자 군대를 돌려 한산성(漢山城)註 002에 이르러 군사들을 위로하였다.",고구려,공격,미상
71,삼국유사 권 제23 백제본기 제3,398,고구려를 정벌하기 위해 한산 북쪽에 이르다,〔7년(398)〕 가을 8월에 왕이 고구려를 치기 위하여 군사를 내어 한산 북쪽의 목책에 이르렀다. 그날 밤에 큰 별이 군영 내에 떨어졌는데 큰 소리가 났다. 왕이 매우 꺼려하여 곧 〔정벌을〕 그만 두었다.,고구려,공격,미상
72,삼국유사 권 제23 백제본기 제3,403,신라의 변경을 공격하다,〔12년(403)〕 가을 7월에 군사를 보내 신라의 변경을 쳤다.,신라,공격,미상
73,삼국유사 권 제23 백제본기 제3,469,고구려의 남쪽 변경을 공격하다,15년(469) 가을 8월에 장수를 보내 고구려의 남쪽 변경을 쳤다.,고구려,공격,미상
74,삼국유사 권 제23 백제본기 제3,475,한성이 함락되고 개로왕이 살해되다,"21년(475) 가을 9월에 고구려왕 거련(巨璉)이 군사 30,000명을 이끌고 와서 왕도인 한성(漢城)을 포위하였다.註 001 왕이 성문을 닫고 나가 싸우지 못하니 고구려 사람들이 군사를 네 길로 나누어 협공하고, 또한 바람을 타고 불을 놓아 성문을 불태웠다.註 002 사람들의 마음이 매우 두려워하여 나가서 항복하려는 자들도 있었다. 왕은 군색하여 어찌할 바를 몰라 수십 명의 기병을 거느리고 문을 나가 서쪽으로 달아나니 고구려 사람이 추격하여 왕을 해쳤다. 이보다 앞서 고구려 장수왕(長壽王)이 몰래 백제를 도모하려고 백제에서 첩자 노릇을 할 만한 사람을 구하였다. 이때 승려 도림(道琳)註 003이 응하여 말하기를, “어리석은 소승이 아직 도(道)는 알지 못하지만 나라의 은혜에 보답하려는 생각은 있습니다. 바라건대 대왕께서는 신을 어리석다 여기지 않으시고 지목하여 시키신다면 왕명을 욕되게 하지 않을 것을 약속합니다.”라고 하였다. 왕이 기뻐하여 몰래 보내 백제를 속이게 하였다. 이에 도림은 거짓으로 죄를 짓고 도망가 백제로 들어갔다. 당시 백제왕 근개루(近蓋婁)註 004는 장기와 바둑[博奕]註 005을 좋아하였다. 도림이 대궐 문에 이르러 아뢰기를, “신이 어려서부터 바둑을 배워 자못 신묘한 경지에 들었으니 바라건대 대왕의 곁에서 알려 드리고자 합니다.”라고 하였다. 왕이 불러들여 바둑을 두어보니 과연 국수(國手)였다. 마침내 그를 높여 상객(上客)으로 삼고 매우 친하게 지내면서 서로 늦게 만난 것을 아쉬워하였다. 도림이 하루는 〔왕을〕 모시고 앉아서 조용히 말하기를, “신은 다른 나라 사람인데 왕께서 저를 멀리하지 않으시고 은혜를 매우 두텁게 베풀어 주셨습니다. 그런데도 오직 한 가지 기술만 바쳤을 뿐 아직 털끝만한 이익도 드리지 못하였습니다. 지금 바라건대 한 말씀 올리려 하오나 왕의 뜻이 어떠한지 모르겠습니다.”라고 하였다. 왕이 말하기를, “말해 보시오. 만일 나라에 이롭다면 이는 선생에게서 바라는 바입니다.”라고 하였다. 도림이 말하기를, “대왕의 나라는 사방이 모두 산과 언덕, 강과 바다입니다. 이는 하늘이 베풀어주신 험한 요새이지 사람이 만든 형국이 아닙니다. 그러므로 사방의 이웃 나라들이 감히 엿볼 마음을 갖지 못하고 단지 받들어 섬기기를 원할 뿐이며 〔다른〕 겨를이 없습니다. 그러니 왕께서는 마땅히 숭고한 위세와 많은 업적으로써 남의 이목을 두렵게 해야 하건만, 성곽이 수리되지 않고 궁실도 고치지 않았으며 선왕의 해골이 맨땅에 임시로 묻혀있고註 006 백성의 집들은 강물에 자주 허물어지니 신은 대왕께서 취할 바가 아니라고 생각합니다.”라고 하였다. 왕이 말하기를, “맞소! 내가 장차 그리 하겠소.”라고 하였다. 이에 나라 사람들을 모두 징발하여 흙을 쪄서 성을 쌓고註 007 그 안에 궁궐과 누각과 전망대와 건물註 008을 지었는데 웅장하고 화려하지 않은 것이 없었다. 또, 욱리하(郁里河)註 009에서 큰 돌을 가져다 덧널[槨]註 010을 만들어 아버지의 뼈를 묻고, 강을 따라 둑을 쌓았는데 사성(蛇城)註 011의 동쪽에서부터 숭산(崇山)註 012의 북쪽에 이르렀다. 이 때문에 창고가 텅 비고 백성들이 곤궁해지니 나라의 위태로움이 알을 쌓아놓은 것보다 심하였다. 이에 도림이 도망쳐 돌아가 아뢰니 장수왕이 기뻐하며 장차 백제를 정벌하려고 장수들에게 군사를 주었다. 근개루가 그 말을 듣고 아들 문주(文周)註 013에게 일러 말하기를, “내가 어리석고 밝지 못하여 간사한 사람의 말을 믿어 이 지경이 되었다. 백성이 쇠잔하고 군사가 약하니 비록 위태로운 일이 있을지라도 누가 기꺼이 나를 위해 힘써 싸우겠느냐. 나는 마땅히 사직(社稷)註 014에서 죽겠지만, 네가 이곳에서 함께 죽는 것은 이로울 게 없다. 어찌 난을 피하여 나라의 계통[國系]을 잇지 않겠는가?”라고 하였다. 문주는 이에 목협만치(木劦滿致)註 015․조미걸취(祖彌桀取)註 016 목협註 017과 조미註 018는 모두 복성(複姓)註 019인데, 『수서(隋書)』에서는 목협(木劦)을 두 개의 성註 020이라고 하였다. 어느 쪽이 옳은지 알 수 없다.와 함께 남쪽으로 갔다. 이때에 이르러 고구려의 대로(對盧)註 021제우(齊于)註 022·재증걸루(再曾桀婁)註 023·고이만년(古尒萬年)註 024 재증과 고이註 025는 모두 두 글자로 된 성이다.등이 군사를 이끌고 와서 북성(北城)註 026을 공격하여 7일 만에 빼앗고 옮겨서 남성(南城)註 027을 공격하니 성 안에서는 위태롭고 두려워하였다.註 028 왕이 나가서 도망하자 고구려 장수인 걸루 등이 왕을 보고 말에서 내려 절한 다음에 왕의 얼굴을 향해 세 번 침을 뱉고는 그 죄를 나열한 다음 포박하여 아차성(阿且城)註 029 아래로 보내 죽였다. 재증걸루와 고이만년은 본래 백제 사람이었는데, 죄를 짓고 고구려로 도망했었다.",고구려,방어,패배
75,삼국유사 권 제23 백제본기 제4,482,말갈이 한산성을 습격하다,가을 9월에 말갈이 한산성(漢山城)註 001을 습격하여 깨뜨리고 3백여 호를 사로잡아 돌아갔다.,말갈,방어,패배
76,삼국유사 권 제23 백제본기 제4,488,북위가 침입하다,10년(488)에 북위[魏]註 001가 군사를 보내 와서 침공하였으나 우리에게 패하였다.,북위 혹은 고구려,방어,승리
77,삼국유사 권 제23 백제본기 제4,501,달솔 우영을 보내 고구려의 수곡성을 공격하다,"겨울 11월에 달솔 우영(優永)註 001을 보내 군사 5,000명을 거느리고 고구려의 수곡성註 002을 습격하게 하였다.",고구려,공격,미상
78,삼국유사 권 제23 백제본기 제4,502,고구려의 변경을 공격하다,겨울 11월에 군사를 보내 고구려의 변경을 공격하게 하였다.,고구려,공격,미상
79,삼국유사 권 제23 백제본기 제4,503,말갈이 마수책과 고목성을 공격하다,"3년(503) 가을 9월에 말갈註 001이 마수책註 002을 불사르고 나아가 고목성註 003을 공격하였다. 왕이 군사 5,000명을 보내 이들을 공격하여 물러나게 하였다.",말갈,방어,미상
80,삼국유사 권 제23 백제본기 제4,506,말갈이 침입하여 고목성을 함락하다,가을 7월에 말갈이 쳐들어 와서 고목성을 깨뜨리고 6백여 명을 죽이거나 사로잡았다.,말갈,방어,패배
81,삼국유사 권 제23 백제본기 제4,507,고구려와 말갈이 연대하여 침입하다,겨울 10월에 고구려 장수 고로(高老)가 말갈과 더불어 한성註 001을 치려고 꾀하여 횡악(橫岳)註 002 아래로 나아가 주둔하였다. 왕이 군사를 내어 싸워 그들을 물리쳤다.,"고구려, 말갈",방어,승리
82,삼국유사 권 제23 백제본기 제4,512,고구려가 가불성과 원산성을 습격하고 왕이 위천 북쪽에서 승리하다,"가을 9월에 고구려가 가불성(加弗城)註 001을 습격하여 빼앗고, 군사를 옮겨 원산성(圓山城)註 002을 깨뜨렸는데, 죽이거나 약탈한 것이 매우 많았다.註 003 왕이 용감한 기병 3,000명을 거느리고 위천(葦川)註 004의 북쪽에서 싸웠는데, 고구려 사람들이 왕의 군사가 적은 것을 보고 쉽게 생각하여 진을 치지 않았다. 왕이 나아가 갑자기 공격하여 크게 깨뜨렸다.",고구려,방어,승리
83,삼국유사 권 제23 백제본기 제4,523,좌장 지충이 고구려를 패수에서 격파하다,"가을 8월에 고구려 군사가 패수註 001에 이르자註 002 왕이 좌장 지충(志忠)에게 명하여 보병과 기병 10,000명을 거느리고 나아가 싸워 물리치게 하였다.",고구려,방어,승리
84,삼국유사 권 제23 백제본기 제4,529,좌평 연모가 고구려와의 전투에서 패배하다,"7년(529) 겨울 10월에 고구려 왕 흥안(興安)註 001이 몸소 군사를 거느리고 북쪽 변경 혈성(穴城)註 002을 쳐들어와서 빼앗았다. 〔왕이〕 좌평 연모(燕謨)에게 명령하여 보병과 기병 30,000명을 거느리고 오곡(五谷)註 003 벌판에서 막아 싸우게 하였으나 이기지 못하였고, 죽은 자가 2천여 명이었다.",고구려,방어,패배
85,삼국유사 권 제23 백제본기 제4,540,장군 연회가 고구려 우산성을 공격하다,18년(540) 가을 9월에 왕이 장군 연회(燕會)에게 명하여 고구려의 우산성(牛山城)註 001을 치게 하였으나 이기지 못하였다.,고구려,공격,패배
86,삼국유사 권 제23 백제본기 제4,548,고구려가 예와 공모하여 독산성을 공격하다,"26년(548) 봄 정월에 고구려왕 평성(平成)註 001이 예(濊)와 함께 모의하여 한수 이북[漢北]의 독산성(獨山城)註 002을 공격하였다. 왕이 사신을 보내 신라에 구원을 요청하였다. 신라왕이 장군 주진(朱珍)註 003에게 명하여 갑옷 입은 군사 3,000명을 거느리고 나서게 하였다. 주진은 밤낮으로 길을 가서 독산성 아래에 이르러, 고구려 군사들과 한바탕 싸워 크게 깨뜨렸다.","고구려, 예",방어,승리
87,삼국유사 권 제23 백제본기 제4,550,장군 달기가 고구려의 도살성을 공격하다,"28년(550) 봄 정월에 왕이 장군 달기(達己)註 001를 보내 군사 10,000명을 거느리고 고구려의 도살성(道薩城)註 002을 공격하여 빼앗았다.",고구려,공격,승리
88,삼국유사 권 제23 백제본기 제4,550,고구려군이 금현성을 포위하다,3월에 고구려 군사가 금현성(金峴城)註 001을 포위하였다.,고구려,방어,미상
89,삼국유사 권 제23 백제본기 제4,553,신라가 동북 변경을 빼앗아 신주를 설치하다,31년(553) 가을 7월에 신라가 동북쪽 변경을 빼앗아 신주(新州)註 001를 설치하였다.,신라,방어,패배
90,삼국유사 권 제23 백제본기 제4,554,성왕이 죽다,32년(554)註 001 가을 7월에 왕이 신라를 습격하려고 몸소 보병과 기병 50명을 거느리고 밤에 구천(狗川)註 002에 이르렀다. 신라의 복병이 일어나 더불어 싸웠으나 포악한 병사[亂兵]들에게 살해되어 돌아가셨다.註 003 시호를 성(聖)이라 하였다.,신라,공격,패배
91,삼국유사 권 제23 백제본기 제5,554,고구려가 웅천성을 공격하다,원년 겨울 10월에 고구려가 크게 군사를 일으켜 웅천성(熊川城)註 001을 공격해왔으나 패하여 돌아갔다.,고구려,방어,승리
92,삼국유사 권 제23 백제본기 제5,561,신라의 변경을 공격하다,"8년 가을 7월에 군사를 보내 신라의 변경을 침략하였다. 신라의 군사가 나와 쳐서 패하였는데, 죽은 자가 1천여 명이었다.",신라,공격,패배
93,삼국유사 권 제23 백제본기 제5,577,신라의 서부 변경을 공격하다,겨울 10월에 [백제에서] 신라의 서쪽 변방 주(州)・군(郡)을 치자 신라의 이찬(伊湌) 세종(世宗)註 001이 군사를 거느리고 이를 쳐부수었다.,신라,공격,패배
94,삼국유사 권 제23 백제본기 제5,602,신라의 아막산성을 공격하다,"3년 가을 8월에 왕이 군사를 내어 신라의 아막산성(阿莫山城)註 001[모산성(母山城)이라고도 한다.]을 포위하였다.註 002 신라 왕 진평(眞平)이 정예 기병 수천 명을 보내 막아 싸우니 우리 군사가 별 소득 없이 돌아왔다.註 003 신라가 소타(小陀), 외석(畏石), 천산(泉山), 옹잠(甕岑) 등 4성註 004을 쌓고, 우리 경계에 쳐들어와서 핍박하였다. 가까이(까지) 쳐들어 왔다. 왕이 노하여 좌평 해수(解讎)註 005에게 명령하여 보병과 기병 4만 명을 거느리고 나아가 그 네 성을 공격하게 하였다. 신라 장군 건품(乾品)註 006과 무은(武殷)註 007이 무리를 거느리고 막아 싸웠다. 해수가 불리해지자 군사를 이끌고 천산(泉山) 서쪽의 큰 진펄 가운데로 물러나 군사를 매복해 놓고 기다렸다. 무은이 승세를 타고 갑옷 입은 군사 1천 명을 거느리고 추격하여 큰 진펄에 이르자 매복한 군사들이 일어나 급히 공격하였다. 무은은 말에서 떨어지고 군사들은 놀라서 어찌할 바를 몰랐다. 무은의 아들 귀산(貴山)註 008이 큰 소리로 말하였다. “내가 일찍이 스승註 009에게 가르침을 받았는데, ‘군사는 마땅히 싸움터에서 물러남이 없어야 한다.’註 010고 말씀하셨으니 어찌 감히 도망쳐 물러나 스승의 가르침을 저버리겠는가!” [귀산은] 말을 아버지에게 주고 즉시 소장(小將) 추항(箒項)註 011과 함께 창을 휘두르며 힘껏 싸우다가 죽었다. 나머지 군사들이 이것을 보고 더욱 분발하니 우리 군사가 패하였다. 해수는 겨우 [죽음을] 면하여 말 한 마리를 끌고 혼자 돌아왔다.",신라,공격,패배
95,삼국유사 권 제23 백제본기 제5,605,신라가 동쪽 변경을 공격하다,가을 8월에 신라가 동쪽 변경을 쳐들어왔다.,신라,방어,미상
96,삼국유사 권 제23 백제본기 제5,607,고구려가 송산성과 석두성을 공격하다,"여름 5월에 고구려가 송산성(松山城)註 001을 공격해 왔으나 함락시키지 못하자, [군사를] 옮겨 석두성(石頭城)註 002을 습격하여 남녀 3,000명을 사로잡아 돌아갔다.",고구려,방어,패배
97,삼국유사 권 제23 백제본기 제5,611,신라의 가잠성을 함락하다,겨울 10월에 신라의 가잠성(椵岑城)註 001을 포위하여 성주 찬덕(讚德)註 002을 죽이고 그 성을 함락하였다.,신라,공격,승리
98,삼국유사 권 제23 백제본기 제5,616,신라의 모산성을 공격하다,17년 겨울 10월에 달솔 백기(苩奇)註 001에게 명하여 군사 8000명을 거느리고 신라의 모산성(母山城)註 002을 공격하게 하였다.,신라,공격,미상
99,삼국유사 권 제23 백제본기 제5,618,신라가 가잠성을 공격하다,"19년에 신라 장군 변품(邊品)註 001 등이 가잠성을 공격해 와서 이를 되찾았는데, 해론(奚論)註 002이 전사하였다",신라,방어,승리
100,삼국유사 권 제23 백제본기 제5,623,신라의 늑로현을 공격하다,24년 가을에 군사를 보내 신라의 늑노현(勒弩縣)註 001을 쳤다.,신라,공격,미상
101,삼국유사 권 제23 백제본기 제5,624,신라의 속함성 등을 공격하여 함락시키다,"겨울 10월에 신라의 속함(速含)註 001, 앵잠(櫻岑)註 002, 기잠(岐岑)註 003, 봉잠(烽岑)註 004, 기현(旗懸)註 005, 용책(冗柵)註 006 등 6성을 공격하여 빼앗았다.",신라,공격,승리
102,삼국유사 권 제23 백제본기 제5,626,신라의 왕재성을 공격하다,가을 8월에 군사를 보내 신라의 왕재성(王在城)註 001을 공격하여 성주 동소(東所)註 002를 붙잡아 죽였다.,신라,공격,승리
103,삼국유사 권 제23 백제본기 제5,627,신라 서부 변경의 두 성을 공격하여 함락시키다,"28년 가을 7월 왕이 장군 사걸(沙乞)註 001에게 명하여 신라의 서쪽 변경의 두 성을 빼앗고, 남녀 3백여 명을 사로잡았다.註 002 왕은 신라가 침입해 빼앗은 땅을 되찾으려고 크게 군사를 일으켜 웅진으로 나아가 주둔하였다. 신라 왕 진평이 이를 듣고 사신을 당나라에 보내 위급함을 고하였다. 왕이 이를 듣고 그만두었다.",신라,공격,승리
104,삼국유사 권 제23 백제본기 제5,628,신라의 가잠성을 공격하다,29년 봄 2월에 군사를 보내 신라의 가잠성을 공격하였으나 이기지 못하고 돌아왔다.,신라,공격,패배
105,삼국유사 권 제23 백제본기 제5,632,신라를 공격하다,가을 7월에 군사를 일으켜 신라를 쳤으나 이롭지 못하였다.,신라,공격,패배
106,삼국유사 권 제23 백제본기 제5,633,신라의 서곡성을 공격하여 함락시키다,34년 가을 8월에 장수를 보내 신라의 서곡성(西谷城)註 001을 공격하여 13일 만에 빼앗았다.,신라,공격,승리
107,삼국유사 권 제23 백제본기 제5,636,장군 우소가 신라의 독산성을 공격하다,여름 5월에 왕이 장군 우소(于召)註 001에게 명령하여 갑옷 입은 군사 500명註 002을 거느리고 가서 신라의 독산성(獨山城)註 003을 습격하게 하였다. 우소가 옥문곡(玉門谷)註 004에 이르러 날이 저물자 안장을 풀고 사졸들을 쉬게 하였다. 신라 장군 알천(閼川)註 005이 군사를 거느리고 엄습해 와서 이를 쳐서 무찔렀다. 우소는 큰 바위 위에 올라가 활을 당겨 막아 싸웠으나 화살이 다 떨어져 사로잡혔다.,신라,공격,패배
108,삼국유사 권 제23 백제본기 제6,642,미후성 등을 공격하다,가을 7월에 왕이 직접 군사를 거느리고 신라를 침공하여 미후성(獼猴城)註 001 등 4십여 성을 함락시켰다.,신라,공격,승리
109,삼국유사 권 제23 백제본기 제6,642,윤충이 대야성을 함락하다,"8월에 장군 윤충(允忠)註 001을 보내 군사 10,000명을 거느리고 신라 대야성(大耶城)註 002을 공격하였다. 성주 품석(品釋)註 003이 처자註 004와 함께 나와 항복하자 윤충이 모두 죽이고 그 머리를 베어 왕도로 보냈으며, 남녀 1천여 명을 사로잡아 나라 서쪽 지방의 주(州)・현(縣)에 나누어 살게 하고 군사를 남겨 그 성을 지키게 하였다.註 005 왕이 윤충의 공로를 표창하여 말 20필과 곡식 1,000석을 주었다.",신라,공격,승리
110,삼국유사 권 제23 백제본기 제6,643,고구려와 화친을 맺다,"겨울 11월에 왕이 고구려와 화친을 맺었는데,註 001 신라의 당항성(黨項城)註 002을 빼앗아 〔당나라로〕 조공하러 가는 길을 막으려고 한 것이었다. 마침내 군사를 내어 〔당항성을〕 공격하니, 신라왕 덕만(德曼)註 003이 사신을 보내 당나라에 구원을 요청하였다.註 004 왕이 그 말을 듣고 군사를 철수시켰다.",신라,공격,미상
111,삼국유사 권 제23 백제본기 제6,644,김유신이 일곱 성을 빼앗다,가을 9월에 신라 장군 유신이 군사를 거느리고 침입하여 일곱 성을 빼앗았다.,신라,방어,패배
112,삼국유사 권 제23 백제본기 제6,645,신라를 공격하여 일곱 성을 차지하다,"5년(645) 여름 5월에 왕은 태종이 몸소 고구려를 치면서 신라에서 군사를 징발하였다註 001는 소식을 듣고, 그 틈을 타서 신라의 일곱 성을 습격해 빼앗으니註 002, 신라가 장군 유신을 보내 침공해왔다.",신라,공격,승리
113,삼국유사 권 제23 백제본기 제6,647,의직이 감물과 동잠 두 성을 공격하다,"7년(647) 겨울 10월에 장군 의직(義直)註 001이 보병과 기병 3,000명을 거느리고 신라의 무산성(茂山城)註 002 아래로 나아가 주둔하며 군사를 나누어 감물(甘勿)註 003・동잠(桐岑)註 004 두 성을 공격하였다. 신라 장군 유신이 몸소 군사들을 격려하며 결사적으로 싸워서 〔우리 군사를〕 크게 격파하니 의직이 혼자서 돌아왔다.",신라,공격,패배
114,삼국유사 권 제23 백제본기 제6,648,의직이 요거성 등을 함락하다,8년(648) 봄 3월에 의직이 신라 서부 변경의 요거(腰車)註 001 등 1십여 성을 습격하여 빼앗았다.,신라,공격,승리
115,삼국유사 권 제23 백제본기 제6,648,옥문곡으로 진격하다,"여름 4월에 옥문곡으로 군대가 나아가니 신라 장군 유신이 맞아 싸웠는데, 두 번 싸워서 크게 졌다.",신라,공격,패배
116,삼국유사 권 제23 백제본기 제6,649,은상이 신라의 석토성 등을 공격하다,"9년(649) 가을 8월에 왕이 좌장 은상(殷相)註 001을 보내 정예 군사 7,000명을 거느리고 신라의 석토성(石吐城)註 002 등 일곱 성을 공격하여 빼앗게 하였다. 신라 장수 유신, 진춘(陳春),註 003 천존(天存),註 004 죽지(竹旨)註 005 등이 맞아서 공격하였다가 불리해지자 흩어진 군사들을 모아 도살성(道薩城)註 006 아래에 진을 치고 다시 싸웠는데 우리 군사가 패배하였다.",신라,공격,패배
117,삼국유사 권 제23 백제본기 제6,655,"고구려, 말갈과 함께 신라의 성을 공격하여 함락시키다","8월에 왕이 고구려・말갈과 함께 신라의 3십여 성을 공격하여 쳐부수었다. 신라왕 김춘추가 사신을 당나라에 보내 표문을 올려 말하기를, “백제가 고구려・말갈과 함께 우리의 북쪽 국경에 침입하여 3십여 성을 함락시켰다”라고 하였다.",신라,공격,승리
118,삼국유사 권 제23 백제본기 제6,659,신라의 두 성을 침공하다 ,장수를 보내 신라의 독산(獨山)・동잠(桐岑)註 001 두 성을 침공하였다.,신라,공격,미상
119,삼국유사 권 제23 백제본기 제6,660,당나라와 신라가 연합군을 편성하여 백제를 공격하다,"〔당나라〕 고종이 조서를 내려 좌무위대장군(左武衛大將軍)註 001 소정방(蘇定方)註 002을 신구도(神丘道) 행군대총관(行軍大摠管)註 003으로 삼아 좌효위장군(左驍衛將軍)註 004 유백영(劉伯英)註 005・우무위장군(右武衛將軍)註 006 풍사귀(馮士貴)註 007・좌효위장군(左驍衛將軍) 방효공(龐孝公)註 008을 거느리고 군사 130,000명註 009을 통솔하며 〔백제로〕 와서 정벌하게 하였다. 아울러 신라왕 김춘추를 우이도(嵎夷道) 행군총관(行軍摠管)註 010으로 삼아 그 나라 군사를 거느리고 당나라 군사와 합세하게 하였다. 소정방이 군사를 이끌고 성산(城山)註 011에서 바다를 건너 나라 서쪽 덕물도(德物島)註 012에 이르니註 013, 신라왕이 장군 김유신을 보내 정예 군사 50,000명을 거느리고註 014 나아가게 하였다.註 015 왕이 그 소식을 듣고 신하들을 모아 〔나가서〕 싸우는 것과 지키는 것 중에서 〔어느 쪽이〕 마땅한지를 물으니 좌평 의직이 나서서 말하기를, “당나라 군사는 멀리서 깊은 바다를 건너 왔으니 물에 익숙하지 못한 자는 배에서 분명 피곤할 것입니다. 그들이 처음 땅에 내려서 군사들의 기운이 회복되지 않았을 때 갑자기 공격하면 뜻을 이룰 수 있을 것입니다. 신라 사람은 큰 나라의 도움을 믿기 때문에 우리를 가벼이 여기는 마음이 있을 것이니 만일 당나라 사람이 불리해지는 것을 보면 반드시 의심하고 두려워해서 감히 재빠르게 나아오지 못할 것입니다. 그러므로 먼저 당나라 사람과 결전을 벌이는 것이 옳을 것입니다”라고 하였다. 달솔 상영(常永)註 016 등이 말하기를, “그렇지 않습니다. 당나라 군사는 멀리서 왔으므로 빨리 싸우려 할 것이니 그 칼끝을 당할 수 없으며, 신라 사람은 예전에 여러 차례 우리 군사에게 패하였기 때문에 이제 우리 군대의 기세를 보면 겁먹지 않을 수 없습니다. 오늘의 계책은 마땅히 당나라 사람의 길을 막아서 그 군사들이 지치기를 기다리고, 먼저 일부 군사로 신라 군대를 쳐서 그 날카로운 기운을 꺾은 뒤에 그 형편을 보아 전투를 벌이면 군대를 온전히 유지하고 나라를 보전할 수 있을 것입니다.”라고 하였다. 왕은 주저하면서 어느 쪽을 따라야 할지 몰랐다. 이때 좌평 흥수(興首)註 017는 죄를 지어 고마미지의 현(古馬彌知縣)註 018에서 귀양살이를 하고 있었는데, 〔왕이〕 사람을 보내서 물어 말하기를, “사태가 위급하니 어찌하면 좋겠는가?”라고 하였다. 흥수가 말하기를, “당나라 군사는 숫자가 많고 군사의 규율이 엄하고 분명합니다. 더구나 신라와 함께 앞뒤에서 치려고 하니 만약 평탄한 벌판과 넓은 들에서 마주하고 진을 친다면 승패를 장담할 수 없습니다. 백강(白江)註 019 기벌포(伎伐浦)라고도 한다.과 탄현(炭峴)註 020 침현(沈峴)이라고도 한다.은 우리나라의 요충지로서, 한 명의 군사가 한 자루의 창을 가지고 있어도 10,000명이 당할 수 없으니 마땅히 용감한 군사를 가려내어 가서 지키게 하여, 당나라 군사가 백강으로 들어오지 못하게 하고, 신라 사람이 탄현을 지나지 못하게 하면서 대왕께서 성문을 굳게 닫고 단단하게 지키며 그들의 물자와 군량이 떨어지고 군사들이 피곤해질 때를 기다린 뒤에 분발하여 공격하면 이길 것이 분명합니다.”라고 하였다. 이때 대신들은 믿지 않고 말하기를, “흥수는 오랫동안 갇혀 있었기에 임금을 원망하고 나라를 사랑하지 않을 것이니 그 말을 따를 수 없습니다. 당나라 군사를 백강으로 들어오게 하여 강물 흐름에 따라 배를 나란히 하지 못하게 하고, 신라 군사를 탄현으로 올라오게 하여 좁은 길 때문에 말을 나란히 몰 수 없게 하는 것보다 못합니다. 이럴 때 군사를 풀어 공격하면 마치 닭장에 있는 닭을 죽이고 그물에 걸린 물고기를 잡는 것과 같을 것입니다.”라고 하였다. 왕은 그 말을 옳다고 여겼다. 또 당나라와 신라 군사가 이미 백강과 탄현을 지났다는 말을 듣고 장군 계백(階伯)註 021을 보내 결사대 5,000명을 거느리고 황산(黃山)註 022으로 나가 신라 군사와 싸우게 하였는데, 네 번 싸워서 모두 이겼으나 군사가 적고 힘이 모자라서 마침내 패하고 계백이 사망하였다.註 023 이에 〔왕은〕 군사를 모아 웅진 어귀를 막고 강가에 군사를 주둔시켰으며, 정방이 왼쪽 강변으로 나와 산 위에 진을 쳤는데, 맞붙어 싸워서 우리 군사가 크게 졌다.註 024 당나라 군사가 밀물을 타고 배의 꼬리에 꼬리를 물고 나아가며 북을 치고 떠들어댔다. 정방은 보병과 기병을 거느리고 곧장 도성註 025으로 달려가 30리[一舍]註 026 밖에서 멈추었다. 우리 군사가 모두 막았으나 또 패배하여 사망자가 1만여 명이었다. 당나라 군사가 승세를 타고 성에 다가서니 왕이 피할 수 없음을 알고 탄식하며 말하기를, “성충의 말을 듣지 않아 이 지경에 이른 것이 후회스럽구나.”라고 하고는 마침내 태자 효(孝)註 027와 함께 북쪽 변경으로 달아났다.註 028 정방이 성을 둘러싸니 왕의 둘째 아들 태(泰)註 029가 스스로 왕이 되어 무리를 이끌고 굳게 지켰다. 태자의 아들 문사(文思)註 030가 왕자 융註 031에게 일러 말하기를, “왕은 태자와 함께 나갔고, 숙부가 자기 마음대로 왕이 되었는데, 만일 당나라 군사가 포위를 풀고 가버리면 우리들이 어찌 안전할 수 있겠습니까?”라고 하고 마침내 측근들을 데리고 밧줄을 타고 나가니 백성들이 모두 뒤따랐지만 태는 말리지 못하였다. 정방이 군사들에게 성가퀴를 넘어가 당나라 깃발을 세우게 하자, 태는 다급히[窘迫] 성문을 열고 명령을 청하였다. 이에 왕과 태자 효가 여러 성과 함께 모두 항복하였다.註 032 정방이 왕과 태자 효, 왕자 태, 융, 연(演)註 033 및 대신(大臣)과 장사(將士) 88명, 백성 12,870명을 당나라 수도[京師]註 034로 보냈다.註 035 나라는 본래 5부(部)註 036 37군(郡)註 037 200성(城)註 038 760,000호(戶)註 039가 있었는데, 이때에 이르러 웅진(熊津)・마한(馬韓)・동명(東明)・금련(金漣)・덕안(德安) 5도독부註 040로 나누어 두어 각각 주(州)・현(縣)을 다스리게 하고註 041, 우두머리를 뽑아서 도독(都督)・자사(刺史)註 042・현령(縣令)으로 삼아 다스리게 하였다. 낭장(郎將)註 043 유인원(劉仁願)註 044에게 명령하여 도성을 지키게 하고 또한 좌위낭장(左衛郎將) 왕문도(王文度)註 045를 웅진도독으로 삼아 남은 무리들을 달래게 하였다. 정방이 포로들을 바치니 고종이 꾸짖고는 용서해 주었으며,註 046 왕이 병으로 죽자註 047 금자광록대부(金紫光祿大夫)註 048 위위경(衛尉卿)註 049을 내려주고 옛 신하들이 문상하는 것을 허락하였다. 조서를 내려 손호(孫皓)註 050와 진숙보(陳叔寶)註 051의 무덤 옆에 장사지내고 아울러 비석을 세우게 하였으며, 융에게 사가경(司稼卿)註 052을 제수하였다. 문도가 바다를 건너다가 사망하자 유인궤(劉仁軌)註 053에게 그를 대신하게 하였다.","당, 신라",방어,패배