X,Y,Region,material,Site,Feature Number,Excavation istitute,BP,Error,Type,Size(cm2),Name,Area
127.378916,37.680931,경기,Charcoal,가평 대성리,1,겨례문화유산연구원,1881,8,백제(呂·凸자형),151000,겨례문화유산연구원 가평 대성리 1  ,경기북부
127.378916,37.680931,경기,Charred seed,가평 대성리,10,겨례문화유산연구원,1899,9,백제(呂·凸자형),829000,겨례문화유산연구원 가평 대성리 10,경기북부
127.378916,37.680931,경기,Charred material,가평 대성리,10,경기문화재연구원,1859,17,백제(呂·凸자형),780544,경기문화재연구원 가평 대성리 10 ,경기북부
127.378916,37.680931,경기,Charcoal,가평 대성리,11,경기문화재연구원,1855,25,백제(呂·凸자형),763396,경기문화재연구원 가평 대성리 11 ,경기북부
127.378916,37.680931,경기,Charcoal,가평 대성리,14,경기문화재연구원,1871,16,백제(呂·凸자형),836006,경기문화재연구원 가평 대성리 14 ,경기북부
127.378916,37.680931,경기,Charcoal,가평 대성리,16,경기문화재연구원,1840,20,백제(呂·凸자형),X,경기문화재연구원 가평 대성리 16 ,경기북부
127.378916,37.680931,경기,Charcoal,가평 대성리,18,경기문화재연구원,1890,25,백제(呂·凸자형),742574,경기문화재연구원 가평 대성리 18 ,경기북부
127.378916,37.680931,경기,Charred material,가평 대성리,19,경기문화재연구원,1930,20,백제(呂·凸자형),X,경기문화재연구원 가평 대성리 19 ,경기북부
127.378916,37.680931,경기,Charcoal,가평 대성리,22,경기문화재연구원,1845,20,백제(방형),109526,경기문화재연구원 가평 대성리 22 ,경기북부
127.378916,37.680931,경기,Charcoal,가평 대성리,25,경기문화재연구원,1825,20,백제(呂·凸자형),X,경기문화재연구원 가평 대성리 25 ,경기북부
127.378916,37.680931,경기,"Charcoal, Charred material",가평 대성리,3,경기문화재연구원,1875,15,백제(방형),182850,경기문화재연구원 가평 대성리 3 ,경기북부
127.378916,37.680931,경기,Charcoal,가평 대성리,4,겨례문화유산연구원,1917,9,백제(呂·凸자형),617000,겨례문화유산연구원 가평 대성리 4  ,경기북부
127.378916,37.680931,경기,Charcoal,가평 대성리,5,경기문화재연구원,1855,25,백제(呂·凸자형),X,경기문화재연구원 가평 대성리 5 ,경기북부
127.378916,37.680931,경기,Charred material,가평 대성리,6,경기문화재연구원,1865,20,백제(呂·凸자형),X,경기문화재연구원 가평 대성리 6,경기북부
127.378916,37.680931,경기,Charcoal,가평 대성리,6,겨례문화유산연구원,1970,20,백제(呂·凸자형),X,겨례문화유산연구원 가평 대성리 6  ,경기북부
127.378916,37.680931,경기,Charcoal,가평 대성리,7,겨례문화유산연구원,1925,25,백제(방형),X,겨례문화유산연구원 가평 대성리 7  ,경기북부
127.3945,37.76334,경기,Charcoal,가평 덕현리,C-1,한림대학교박물관,1831,35,백제(呂·凸자형),252100,한림대학교박물관 가평 덕현리 C-1,경기북부
127.547765,37.885677,경기,Charcoal,가평 목동리,삼국-10,국토문화재연구원,1477,24,백제(방형),94764,국토문화재연구원 가평 목동리 삼국-10,경기북부
127.547765,37.885677,경기,Charcoal,가평 목동리,삼국-2,국토문화재연구원,1490,22,백제(방형),X,국토문화재연구원 가평 목동리 삼국-2,경기북부
127.547765,37.885677,경기,Charcoal,가평 목동리,삼국-5,국토문화재연구원,1379,19,백제(방형),186792,국토문화재연구원 가평 목동리 삼국-5,경기북부
127.512166,37.831534,경기,Charcoal,가평 읍내리,2,경강문화재연구원,1275,22,신라(방형),183168,경강문화재연구원 가평 읍내리 2,경기북부
127.512166,37.831534,경기,Charcoal,가평 읍내리,3,경강문화재연구원,1740,30,신라(방형),113900,경강문화재연구원 가평 읍내리 3,경기북부
127.512166,37.831534,경기,Charcoal,가평 읍내리,4,경강문화재연구원,1260,30,신라(방형),X,경강문화재연구원 가평 읍내리 4,경기북부
127.515236,37.82972,경기,Charcoal,가평 읍내리,철기시대 주거지,경강문화재연구원,1920,24,불명,X,경강문화재연구원 가평 읍내리 철기시대 주거지,경기북부
127.512046,37.832895,경기,Charcoal,가평 읍내리,통일신라시대 주거지,한국문화재재단,1235,15,신라(방형),X,한국문화재재단 가평 읍내리 통일신라시대 주거지,경기북부
127.413167,37.727682,경기,Charcoal,가평 청평리,원삼국-1,서울문화유산연구원,1780,30,불명,X,서울문화유산연구원 가평 청평리 원삼국-1,경기북부
127.413167,37.727682,경기,Charcoal,가평 청평리,원삼국-4,서울문화유산연구원,1695,22,백제(呂·凸자형),X,서울문화유산연구원 가평 청평리 원삼국-4,경기북부
127.414004,37.72769,경기,Charcoal,가평 청평리,주-1(1),한국문화재재단,1655,14,백제(呂·凸자형),739050,한국문화재재단 가평 청평리 주-1(1),경기북부
127.414004,37.72769,경기,Charcoal,가평 청평리,주-1(2),한국문화재재단,1752,17,백제(呂·凸자형),739050,한국문화재재단 가평 청평리 주-1(2),경기북부
127.414004,37.72769,경기,Charcoal,가평 청평리,주-2,한국문화재재단,1753,16,장방형,298920,한국문화재재단 가평 청평리 주-2,경기북부
127.414004,37.72769,경기,Charcoal,가평 청평리,주-4,한국문화재재단,1865,24,백제(방형),X,한국문화재재단 가평 청평리 주-4,경기북부
127.413689,37.727308,경기,Charcoal,가평 청평리,주거지-1,한국문화재재단,1708,26,백제(呂·凸자형),X,한국문화재재단 가평 청평리 주거지-1,경기북부
127.413689,37.727308,경기,Charcoal,가평 청평리,주거지-2,한국문화재재단,1784,26,백제(呂·凸자형),X,한국문화재재단 가평 청평리 주거지-2,경기북부
127.413689,37.727308,경기,Charcoal,가평 청평리,주거지-3,한국문화재재단,1617,23,백제(呂·凸자형),X,한국문화재재단 가평 청평리 주거지-3,경기북부
127.364355,37.798158,경기,Charcoal,가평 항사리,2,한국문화재재단,1824,17,백제(呂·凸자형),X,한국문화재재단 가평 항사리 2,경기북부
127.364665,37.795516,경기,Charcoal,가평 항사리,가-10,고려문화재연구원,1600,60,백제(呂·凸자형),X,고려문화재연구원 가평 항사리 가-10,경기북부
127.364665,37.795516,경기,Charcoal,가평 항사리,가-2,고려문화재연구원,1620,60,백제(呂·凸자형),X,고려문화재연구원 가평 항사리 가-2,경기북부
127.364665,37.795516,경기,Charcoal,가평 항사리,가-4,고려문화재연구원,1600,60,백제(呂·凸자형),324224,고려문화재연구원 가평 항사리 가-4,경기북부
127.364665,37.795516,경기,Charcoal,가평 항사리,가-8,고려문화재연구원,1690,60,백제(呂·凸자형),X,고려문화재연구원 가평 항사리 가-8,경기북부
127.364665,37.795516,경기,Charcoal,가평 항사리,가-9,고려문화재연구원,1620,60,백제(呂·凸자형),X,고려문화재연구원 가평 항사리 가-9,경기북부
127.364665,37.795516,경기,Charcoal,가평 항사리,나-10,고려문화재연구원,1720,50,백제(呂·凸자형),421720,고려문화재연구원 가평 항사리 나-10,경기북부
127.364665,37.795516,경기,Charcoal,가평 항사리,나-12,고려문화재연구원,2020,50,백제(呂·凸자형),X,고려문화재연구원 가평 항사리 나-12,경기북부
127.364665,37.795516,경기,Charcoal,가평 항사리,나-13,고려문화재연구원,1940,60,백제(呂·凸자형),199256,고려문화재연구원 가평 항사리 나-13,경기북부
127.364665,37.795516,경기,Charcoal,가평 항사리,나-15,고려문화재연구원,1864,39,백제(呂·凸자형),X,고려문화재연구원 가평 항사리 나-15,경기북부
127.364665,37.795516,경기,Charcoal,가평 항사리,나-16,고려문화재연구원,1740,50,백제(呂·凸자형),307108,고려문화재연구원 가평 항사리 나-16,경기북부
127.364665,37.795516,경기,Charcoal,가평 항사리,나-21,고려문화재연구원,1800,50,백제(呂·凸자형),145564,고려문화재연구원 가평 항사리 나-21,경기북부
127.364665,37.795516,경기,Charcoal,가평 항사리,나-9,고려문화재연구원,1720,50,백제(呂·凸자형),674340,고려문화재연구원 가평 항사리 나-9,경기북부
127.42479,37.786235,인천,Charcoal,강화 장정리,A-4-2,중원문화재연구원,2170,30,청동기(장방형),X,중원문화재연구원 강화 장정리 A-4-2,한강하류
127.444691,37.518074,경기,Charcoal,고속국도 45호선 여주-양평 구간,KC-002,한국고고환경연구소,1750,60,백제(방형),X,한국고고환경연구소 고속국도 45호선 여주-양평 구간 KC-002,경기북부
127.064683,37.281607,경기,Charcoal,광교 신도시,11-1,기호문화재연구원,1780,20,백제(방형),X,기호문화재연구원 광교 신도시 11-1 ,경기남부
126.88443,37.430142,경기,Charcoal,광명 소하동,KC-001,한국고고환경연구소,1750,50,백제(呂·凸자형),X,한국고고환경연구소 광명 소하동 KC-001,경기남부
126.88443,37.430142,경기,Charcoal,광명 소하동,KC-002,한국고고환경연구소,1890,50,백제(방형),X,한국고고환경연구소 광명 소하동 KC-002,경기남부
127.347222,37.350278,경기,Charcoal,광주 곤지암리,18,고려문화재연구원,1810,30,백제(呂·凸자형),822041,고려문화재연구원 광주 곤지암리 18,경기남부
127.347222,37.350278,경기,Charcoal,광주 곤지암리,20,고려문화재연구원,1730,30,백제(呂·凸자형),X,고려문화재연구원 광주 곤지암리 20,경기남부
127.347222,37.350278,경기,Charcoal,광주 곤지암리,22,고려문화재연구원,1750,30,백제(呂·凸자형),X,고려문화재연구원 광주 곤지암리 22,경기남부
127.347222,37.350278,경기,Charcoal,광주 곤지암리,23,고려문화재연구원,1790,30,백제(呂·凸자형),X,고려문화재연구원 광주 곤지암리 23,경기남부
127.347222,37.350278,경기,Charcoal,광주 곤지암리,28,고려문화재연구원,1800,30,백제(呂·凸자형),450981,고려문화재연구원 광주 곤지암리 28,경기남부
127.347222,37.350278,경기,Charcoal,광주 곤지암리,29,고려문화재연구원,1690,30,백제(呂·凸자형),X,고려문화재연구원 광주 곤지암리 29,경기남부
127.347222,37.350278,경기,Charcoal,광주 곤지암리,3,고려문화재연구원,1730,30,백제(呂·凸자형),356170,고려문화재연구원 광주 곤지암리 3,경기남부
127.347222,37.350278,경기,Charcoal,광주 곤지암리,30,고려문화재연구원,1740,30,백제(呂·凸자형),X,고려문화재연구원 광주 곤지암리 30,경기남부
127.347222,37.350278,경기,Charcoal,광주 곤지암리,31,고려문화재연구원,1720,30,불명,X,고려문화재연구원 광주 곤지암리 31,경기남부
127.347222,37.350278,경기,Charcoal,광주 곤지암리,34,고려문화재연구원,1690,30,불명,X,고려문화재연구원 광주 곤지암리 34,경기남부
127.251285,37.395281,경기,Charcoal,광주 역동,3,역사문화재연구원,1740,30,백제(呂·凸자형),881700,역사문화재연구원 광주 역동 3,경기남부
127.251619,37.3955,경기,Charcoal,광주 역동,3,한국문화유산연구원,1770,30,백제(呂·凸자형),X,한국문화유산연구원 광주 역동 3,경기남부
127.251619,37.3955,경기,Charcoal,광주 역동,4,한국문화유산연구원,1760,30,백제(呂·凸자형),X,한국문화유산연구원 광주 역동 4,경기남부
127.251619,37.3955,경기,Charcoal,광주 역동,5,한국문화유산연구원,1760,30,백제(呂·凸자형),X,한국문화유산연구원 광주 역동 5,경기남부
127.243675,37.39228,경기,Charcoal,광주 장지동,10,경기문화재연구원,1685,20,백제(呂·凸자형),X,경기문화재연구원 광주 장지동 10 ,경기남부
127.243675,37.39228,경기,Charcoal,광주 장지동,11,경기문화재연구원,1840,50,장방형,219300,경기문화재연구원 광주 장지동 11 ,경기남부
127.243675,37.39228,경기,Charcoal,광주 장지동,12,경기문화재연구원,1818,15,백제(呂·凸자형),X,경기문화재연구원 광주 장지동 12 ,경기남부
127.243675,37.39228,경기,Charcoal,광주 장지동,13,경기문화재연구원,1905,25,백제(呂·凸자형),336749,경기문화재연구원 광주 장지동 13 ,경기남부
127.243675,37.39228,경기,Charcoal,광주 장지동,14,경기문화재연구원,1727,15,백제(呂·凸자형),708000,경기문화재연구원 광주 장지동 14 ,경기남부
127.243675,37.39228,경기,Charcoal,광주 장지동,15,경기문화재연구원,1892,19,백제(呂·凸자형),X,경기문화재연구원 광주 장지동 15 ,경기남부
127.243675,37.39228,경기,Charcoal,광주 장지동,16,경기문화재연구원,1740,20,백제(呂·凸자형),X,경기문화재연구원 광주 장지동 16 ,경기남부
127.243675,37.39228,경기,Charcoal,광주 장지동,17,경기문화재연구원,1720,20,백제(呂·凸자형),X,경기문화재연구원 광주 장지동 17 ,경기남부
127.243675,37.39228,경기,Charcoal,광주 장지동,18,경기문화재연구원,1830,20,백제(呂·凸자형),X,경기문화재연구원 광주 장지동 18 ,경기남부
127.243675,37.39228,경기,Charcoal,광주 장지동,19,경기문화재연구원,1630,19,백제(呂·凸자형),X,경기문화재연구원 광주 장지동 19 ,경기남부
127.243675,37.39228,경기,Charcoal,광주 장지동,20,경기문화재연구원,1714,19,백제(呂·凸자형),X,경기문화재연구원 광주 장지동 20 ,경기남부
127.243675,37.39228,경기,Charcoal,광주 장지동,21,경기문화재연구원,1855,20,백제(呂·凸자형),X,경기문화재연구원 광주 장지동 21 ,경기남부
127.243675,37.39228,경기,Charcoal,광주 장지동,22,경기문화재연구원,1788,19,백제(呂·凸자형),X,경기문화재연구원 광주 장지동 22 ,경기남부
127.243675,37.39228,경기,Charcoal,광주 장지동,24,경기문화재연구원,1690,25,백제(방형),X,경기문화재연구원 광주 장지동 24 ,경기남부
127.243675,37.39228,경기,Charcoal,광주 장지동,9,경기문화재연구원,1950,20,장방형,X,경기문화재연구원 광주 장지동 9 ,경기남부
127.135791,37.578845,경기,Charcoal,구리 토평동,F-10,서울문화유산연구원,1880,30,백제(呂·凸자형),802560,서울문화유산연구원 구리 토평동 F-10,한강중류
126.606339,37.686912,경기,Charcoal,김포 마송,3-2,기호문화재연구원,1293,15,신라(방형),117564,기호문화재연구원 김포 마송 3-2,한강하류
126.603468,37.688866,경기,Charcoal,김포 마송,4-1,기호문화재연구원,1185,25,신라(방형),143175,기호문화재연구원 김포 마송 4-1,한강하류
126.603468,37.688866,경기,Charcoal,김포 마송,4-12,기호문화재연구원,1210,20,신라(방형),57368,기호문화재연구원 김포 마송 4-12,한강하류
126.758611,37.593572,경기,Charcoal,김포 신곡리,1-삼국-1,중부고고학연구소,1578,28,백제(방형),X,중부고고학연구소 김포 신곡리 1-삼국-1,한강하류
126.758611,37.593572,경기,Charcoal,김포 신곡리,1-삼국-2,중부고고학연구소,1527,25,백제(呂·凸자형),X,중부고고학연구소 김포 신곡리 1-삼국-2,한강하류
126.635093,37.645535,경기,Charcoal,김포 양촌,2-4(가)-11 ,고려문화재연구원,1670,50,백제(방형),X,고려문화재연구원 김포 양촌 2-4(가)-11 ,한강하류
126.635093,37.645535,경기,Charcoal,김포 양촌,2-4(가)-13 ,고려문화재연구원,1670,60,백제(방형),91120,고려문화재연구원 김포 양촌 2-4(가)-13 ,한강하류
126.635093,37.645535,경기,Charcoal,김포 양촌,2-4(가)-2 ,고려문화재연구원,1730,80,백제(방형),X,고려문화재연구원 김포 양촌 2-4(가)-2 ,한강하류
126.635093,37.645535,경기,Charcoal,김포 양촌,2-4(나)-2 ,고려문화재연구원,1840,60,백제(방형),X,고려문화재연구원 김포 양촌 2-4(나)-2 ,한강하류
126.635093,37.645535,경기,Charcoal,김포 양촌,2-4(나)-8 ,고려문화재연구원,1880,60,백제(방형),X,고려문화재연구원 김포 양촌 2-4(나)-8 ,한강하류
126.639648,37.64342,경기,Charcoal,김포 한강 신도시,1-3(나)-4 ,고려문화재연구원,1790,60,백제(방형),X,고려문화재연구원 김포 한강 신도시 1-3(나)-4 ,한강하류
126.639648,37.64342,경기,Charcoal,김포 한강 신도시,1-3(다)-1 ,고려문화재연구원,1770,60,백제(방형),158400,고려문화재연구원 김포 한강 신도시 1-3(다)-1 ,한강하류
126.639648,37.64342,경기,Charcoal,김포 한강 신도시,1-3(다)-2 ,고려문화재연구원,1850,60,백제(방형),262200,고려문화재연구원 김포 한강 신도시 1-3(다)-2 ,한강하류
127.363092,37.643669,경기,Charcoal,남양주 금남리,원삼국-2,한강문화재연구원,1825,22,백제(방형),60180,한강문화재연구원 남양주 금남리 원삼국-2,경기북부
127.363092,37.643669,경기,Charcoal,남양주 금남리,원삼국-4,한강문화재연구원,1900,22,백제(방형),X,한강문화재연구원 남양주 금남리 원삼국-4,경기북부
127.363092,37.643669,경기,Charcoal,남양주 금남리,원삼국-6,한강문화재연구원,1860,16,백제(방형),77220,한강문화재연구원 남양주 금남리 원삼국-6,경기북부
127.363092,37.643669,경기,Charcoal,남양주 금남리,원삼국-8,한강문화재연구원,1920,30,백제(呂·凸자형),314998,한강문화재연구원 남양주 금남리 원삼국-8,경기북부
127.125865,37.648547,경기,Charcoal,남양주 별내 덕송리,1,한백문화재연구원,1400,40,신라(방형),161483,한백문화재연구원 남양주 별내 덕송리 1,경기북부
127.125865,37.648547,경기,Charcoal,남양주 별내 덕송리,2,한백문화재연구원,1260,40,신라(방형),X,한백문화재연구원 남양주 별내 덕송리 2,경기북부
127.125865,37.648547,경기,Charcoal,남양주 별내 덕송리,6,한백문화재연구원,1200,40,신라(방형),221122,한백문화재연구원 남양주 별내 덕송리 6,경기북부
127.125865,37.648547,경기,Charcoal,남양주 별내 덕송리,7,한백문화재연구원,1090,40,신라(방형),228216,한백문화재연구원 남양주 별내 덕송리 7,경기북부
127.125865,37.648547,경기,Charcoal,남양주 별내 덕송리,8,한백문화재연구원,1150,40,신라(방형),163800,한백문화재연구원 남양주 별내 덕송리 8,경기북부
127.125865,37.648547,경기,Charcoal,남양주 별내 화접리,7-3-1,한백문화재연구원,1510,40,백제(방형),X,한백문화재연구원 남양주 별내 화접리 7-3-1 ,경기북부
127.125865,37.648547,경기,Charcoal,남양주 별내 화접리,7-3-12-1,한백문화재연구원,1460,40,백제(방형),223500,한백문화재연구원 남양주 별내 화접리 7-3-12-1,경기북부
127.125865,37.648547,경기,Charcoal,남양주 별내 화접리,7-3-2,한백문화재연구원,1680,50,백제(방형),X,한백문화재연구원 남양주 별내 화접리 7-3-2 ,경기북부
127.194032,37.72955,경기,Charcoal,남양주 장현,12,중앙문화재연구원,1770,50,백제(방형),109740,중앙문화재연구원 남양주 장현 12,경기북부
127.194032,37.72955,경기,Charcoal,남양주 장현,14,중앙문화재연구원,1850,50,백제(呂·凸자형),655000,중앙문화재연구원 남양주 장현 14,경기북부
127.194032,37.72955,경기,Charcoal,남양주 장현,16,중앙문화재연구원,1910,50,백제(방형),209920,중앙문화재연구원 남양주 장현 16,경기북부
127.194032,37.72955,경기,Charcoal,남양주 장현,29,중앙문화재연구원,1970,50,백제(呂·凸자형),443000,중앙문화재연구원 남양주 장현 29,경기북부
127.194032,37.72955,경기,Charcoal,남양주 장현,34,중앙문화재연구원,1840,50,백제(呂·凸자형),285000,중앙문화재연구원 남양주 장현 34,경기북부
127.194032,37.72955,경기,Charcoal,남양주 장현,35,중앙문화재연구원,1760,50,백제(呂·凸자형),509000,중앙문화재연구원 남양주 장현 35,경기북부
127.194032,37.72955,경기,Charcoal,남양주 장현,4,중앙문화재연구원,1820,50,백제(방형),111520,중앙문화재연구원 남양주 장현 4,경기북부
127.194032,37.72955,경기,Charcoal,남양주 장현,44,중앙문화재연구원,1820,50,백제(呂·凸자형),340000,중앙문화재연구원 남양주 장현 44,경기북부
127.194032,37.72955,경기,Charcoal,남양주 장현,49,중앙문화재연구원,1750,50,백제(呂·凸자형),155000,중앙문화재연구원 남양주 장현 49,경기북부
127.194032,37.72955,경기,Charcoal,남양주 장현,59,중앙문화재연구원,1680,50,백제(呂·凸자형),167000,중앙문화재연구원 남양주 장현 59,경기북부
127.194032,37.72955,경기,Charcoal,남양주 장현,65,중앙문화재연구원,1830,50,백제(呂·凸자형),X,중앙문화재연구원 남양주 장현 65,경기북부
127.194032,37.72955,경기,Charcoal,남양주 장현,71,중앙문화재연구원,1740,50,백제(방형),X,중앙문화재연구원 남양주 장현 71,경기북부
127.194032,37.72955,경기,Charcoal,남양주 장현,73,중앙문화재연구원,1650,50,백제(방형),X,중앙문화재연구원 남양주 장현 73,경기북부
127.194032,37.72955,경기,Charcoal,남양주 장현,74,중앙문화재연구원,1720,50,백제(呂·凸자형),824000,중앙문화재연구원 남양주 장현 74,경기북부
127.194032,37.72955,경기,Charcoal,남양주 장현,75,중앙문화재연구원,1670,50,백제(呂·凸자형),538000,중앙문화재연구원 남양주 장현 75,경기북부
127.194032,37.72955,경기,Charcoal,남양주 장현,77,중앙문화재연구원,1700,50,백제(呂·凸자형),X,중앙문화재연구원 남양주 장현 77,경기북부
127.194032,37.72955,경기,Charcoal,남양주 장현,80,중앙문화재연구원,1600,50,백제(呂·凸자형),X,중앙문화재연구원 남양주 장현 80,경기북부
127.194032,37.72955,경기,Charcoal,남양주 장현,83,중앙문화재연구원,1730,50,불명,X,중앙문화재연구원 남양주 장현 83,경기북부
127.166779,37.626062,경기,Charcoal,남양주 지금동,2,세종대학교박물관,1701,47,백제(방형),274500,세종대학교박물관 남양주 지금동 2 ,경기북부
127.166779,37.626062,경기,Charcoal,남양주 지금동,4,세종대학교박물관,1725,36,백제(방형),X,세종대학교박물관 남양주 지금동 4 ,경기북부
126.78707,37.874197,경기,Charcoal,문산 당동리,1-11,경기문화재연구원,1850,50,백제(방형),X,경기문화재연구원 문산 당동리 1-11,경기북부
126.78707,37.874197,경기,Charcoal,문산 당동리,7-1,경기문화재연구원,1740,50,백제(방형),91233,경기문화재연구원 문산 당동리 7-1,경기북부
126.78707,37.874197,경기,Charcoal,문산 당동리,7-4,경기문화재연구원,1690,50,백제(방형),266220,경기문화재연구원 문산 당동리 7-4,경기북부
126.813526,37.473065,경기,Charcoal,부천 범박동,4-2-3,한울문화재연구원,1580,36,백제(방형),X,한울문화재연구원 부천 범박동 4-2-3,한강하류
126.813526,37.473065,경기,Charcoal,부천 범박동,4-2-4,한울문화재연구원,1460,50,백제(방형),908800,한울문화재연구원 부천 범박동 4-2-4,한강하류
127.107419,37.607575,서울,Charcoal,서울 망우동,3-2,서경문화재연구원,1700,30,백제(呂·凸자형),X,서경문화재연구원 서울 망우동 3-2,한강중류
127.107419,37.607575,서울,Charcoal,서울 망우동,3-3,서경문화재연구원,1630,30,백제(呂·凸자형),X,서경문화재연구원 서울 망우동 3-3,한강중류
127.107419,37.607575,서울,Charcoal,서울 망우동,3-4,서경문화재연구원,1660,30,불명,X,서경문화재연구원 서울 망우동 3-4,한강중류
127.107419,37.607575,서울,Charcoal,서울 망우동,3-8,서경문화재연구원,1620,30,불명,X,서경문화재연구원 서울 망우동 3-8,한강중류
127.123767,37.523283,서울,Charcoal,서울 몽촌토성,북문지-내측-통일신라-1,한성백제박물관,1670,30,신라(방형),X,한성백제박물관 서울 몽촌토성 북문지-내측-통일신라-1,한강중류
127.123767,37.523283,서울,Charcoal,서울 몽촌토성,북문지-내측-통일신라-10,한성백제박물관,1560,40,신라(방형),X,한성백제박물관 서울 몽촌토성 북문지-내측-통일신라-10,한강중류
127.123767,37.523283,서울,Charcoal,서울 몽촌토성,북문지-내측-통일신라-11,한성백제박물관,1280,30,신라(방형),129700,한성백제박물관 서울 몽촌토성 북문지-내측-통일신라-11,한강중류
127.123767,37.523283,서울,Charcoal,서울 몽촌토성,북문지-내측-통일신라-13,한성백제박물관,1520,30,신라(방형),X,한성백제박물관 서울 몽촌토성 북문지-내측-통일신라-13,한강중류
127.123767,37.523283,서울,Charcoal,서울 몽촌토성,북문지-내측-통일신라-14,한성백제박물관,1360,50,신라(방형),X,한성백제박물관 서울 몽촌토성 북문지-내측-통일신라-14,한강중류
127.123767,37.523283,서울,Charcoal,서울 몽촌토성,북문지-내측-통일신라-16,한성백제박물관,1300,30,신라(방형),385100,한성백제박물관 서울 몽촌토성 북문지-내측-통일신라-16,한강중류
127.123767,37.523283,서울,Charcoal,서울 몽촌토성,북문지-내측-통일신라-17,한성백제박물관,1610,30,신라(방형),141000,한성백제박물관 서울 몽촌토성 북문지-내측-통일신라-17,한강중류
127.123767,37.523283,서울,Charcoal,서울 몽촌토성,북문지-내측-통일신라-4,한성백제박물관,1299,34,신라(방형),127300,한성백제박물관 서울 몽촌토성 북문지-내측-통일신라-4,한강중류
127.123767,37.523283,서울,Charcoal,서울 몽촌토성,북문지-내측-통일신라-5,한성백제박물관,1590,30,신라(방형),X,한성백제박물관 서울 몽촌토성 북문지-내측-통일신라-5,한강중류
127.123767,37.523283,서울,Charcoal,서울 몽촌토성,북문지-내측-통일신라-8,한성백제박물관,1260,30,신라(방형),X,한성백제박물관 서울 몽촌토성 북문지-내측-통일신라-8,한강중류
127.123767,37.523283,서울,Charcoal,서울 몽촌토성,북문지-통일신라-13,한성백제박물관,1520,30,신라(방형),X,한성백제박물관 서울 몽촌토성 북문지-통일신라-13,한강중류
127.123767,37.523283,서울,Charcoal,서울 몽촌토성,북문지-통일신라-19,한성백제박물관,1590,30,신라(방형),170800,한성백제박물관 서울 몽촌토성 북문지-통일신라-19,한강중류
127.123767,37.523283,서울,Charcoal,서울 몽촌토성,북문지-통일신라-20,한성백제박물관,1313,25,신라(방형),177200,한성백제박물관 서울 몽촌토성 북문지-통일신라-20,한강중류
127.123767,37.523283,서울,Charcoal,서울 몽촌토성,북문지-통일신라-26,한성백제박물관,1480,50,신라(방형),X,한성백제박물관 서울 몽촌토성 북문지-통일신라-26,한강중류
127.123767,37.523283,서울,Charcoal,서울 몽촌토성,북문지-통일신라-27-생활면,한성백제박물관,1700,40,신라(방형),236800,한성백제박물관 서울 몽촌토성 북문지-통일신라-27-생활면,한강중류
127.123767,37.523283,서울,Charcoal,서울 몽촌토성,북문지-통일신라-27-아궁이,한성백제박물관,1590,30,신라(방형),236800,한성백제박물관 서울 몽촌토성 북문지-통일신라-27-아궁이,한강중류
127.123767,37.523283,서울,Charcoal,서울 몽촌토성,북문지-통일신라-28,한성백제박물관,1290,40,신라(방형),160576,한성백제박물관 서울 몽촌토성 북문지-통일신라-28,한강중류
127.123767,37.523283,서울,Charcoal,서울 몽촌토성,북문지-백제-2,한성백제박물관,1620,30,백제(呂·凸자형),X,한성백제박물관 서울 몽촌토성 북문지-백제-2,한강중류
127.1305422,37.557388,서울,Charcoal,서울 암사동,1-미상-42,한울문화재연구원,1430,30,백제(방형),X,한울문화재연구원 서울 암사동 1-미상-42,한강중류
127.1305422,37.557388,서울,Charcoal,서울 암사동,1-통일신라-2,한울문화재연구원,1240,30,신라(방형),217008,한울문화재연구원 서울 암사동 1-통일신라-2,한강중류
127.130485,37.561785,서울,Charcoal,서울 암사동,2,경희대학교박물관,2010,60,백제(呂·凸자형),X,경희대학교박물관 서울 암사동 2,한강중류
127.1305422,37.557388,서울,Charcoal,서울 암사동,2-통일신라-2,한울문화재연구원,1220,30,신라(방형),X,한울문화재연구원 서울 암사동 2-통일신라-2,한강중류
127.1305422,37.557388,서울,Charcoal,서울 암사동,2-통일신라-3,한울문화재연구원,1330,30,신라(방형),84200,한울문화재연구원 서울 암사동 2-통일신라-3,한강중류
127.02422,37.462889,서울,Charcoal,서울 우면동,가-4,한얼문화유산연구원,1575,15,백제(呂·凸자형),241656,한얼문화유산연구원 서울 우면동 가-4,한강중류
127.02422,37.462889,서울,Charcoal,서울 우면동,가-5,한얼문화유산연구원,1570,15,백제(방형),X,한얼문화유산연구원 서울 우면동 가-5,한강중류
127.122345,37.539382,서울,Charcoal,서울 천호동,6,비전문화유산연구원,1700,40,백제(방형),X,비전문화유산연구원 서울 천호동 6,한강중류
127.115987,37.53396,서울,Charcoal,서울 풍납토성,11-가-1 ,국립문화재연구원,1700,50,불명,X,국립문화재연구원 서울 풍납토성 11-가-1 ,한강중류
127.115987,37.53396,서울,Charcoal,서울 풍납토성,가-2  ,국립문화재연구원,1900,60,백제(呂·凸자형),X,국립문화재연구원 서울 풍납토성 가-2  ,한강중류
127.115987,37.53396,서울,Charcoal,서울 풍납토성,가-3  ,국립문화재연구원,1686,39,백제(呂·凸자형),X,국립문화재연구원 서울 풍납토성 가-3  ,한강중류
127.115987,37.53396,서울,Charcoal,서울 풍납토성,나-10,국립문화재연구원,1758,20,백제(呂·凸자형),533600,국립문화재연구원 서울 풍납토성 나-10,한강중류
127.115987,37.53396,서울,Charcoal,서울 풍납토성,나-12,국립문화재연구원,1700,50,백제(呂·凸자형),X,국립문화재연구원 서울 풍납토성 나-12,한강중류
127.115987,37.53396,서울,Charcoal,서울 풍납토성,나-18 ,국립문화재연구원,1690,40,백제(呂·凸자형),763450,국립문화재연구원 서울 풍납토성 나-18 ,한강중류
127.115987,37.53396,서울,Charcoal,서울 풍납토성,나-3,국립문화재연구원,1700,50,백제(呂·凸자형),367680,국립문화재연구원 서울 풍납토성 나-3,한강중류
127.115987,37.53396,서울,Charcoal,서울 풍납토성,나-6,국립문화재연구원,1647,32,백제(呂·凸자형),X,국립문화재연구원 서울 풍납토성 나-6,한강중류
127.115987,37.53396,서울,Charcoal,서울 풍납토성,나-7,국립문화재연구원,1750,50,백제(방형),174800,국립문화재연구원 서울 풍납토성 나-7,한강중류
127.115987,37.53396,서울,Charcoal,서울 풍납토성,나-8,국립문화재연구원,1960,50,백제(呂·凸자형),X,국립문화재연구원 서울 풍납토성 나-8,한강중류
127.115987,37.53396,서울,Charcoal,서울 풍납토성,다-3  ,국립문화재연구원,1814,32,백제(呂·凸자형),X,국립문화재연구원 서울 풍납토성 다-3  ,한강중류
127.115987,37.53396,서울,Charcoal,서울 풍납토성,다-5  ,국립문화재연구원,1820,50,백제(呂·凸자형),X,국립문화재연구원 서울 풍납토성 다-5  ,한강중류
127.115987,37.53396,서울,Charcoal,서울 풍납토성,라-1 ,국립문화재연구원,1880,50,백제(呂·凸자형),497860,국립문화재연구원 서울 풍납토성 라-1 ,한강중류
127.115987,37.53396,서울,Charcoal,서울 풍납토성,라-19  ,국립문화재연구원,2028,19,백제(呂·凸자형),X,국립문화재연구원 서울 풍납토성 라-19  ,한강중류
127.115987,37.53396,서울,Charcoal,서울 풍납토성,라-2 ,국립문화재연구원,1900,50,백제(呂·凸자형),X,국립문화재연구원 서울 풍납토성 라-2 ,한강중류
127.115987,37.53396,서울,Charcoal,서울 풍납토성,라-3 ,국립문화재연구원,1770,50,백제(呂·凸자형),538920,국립문화재연구원 서울 풍납토성 라-3 ,한강중류
127.115987,37.53396,서울,Charcoal,서울 풍납토성,라-7 ,국립문화재연구원,1850,50,백제(呂·凸자형),X,국립문화재연구원 서울 풍납토성 라-7 ,한강중류
127.115987,37.53396,서울,Charcoal,서울 풍납토성,라-8 ,국립문화재연구원,1794,21,백제(呂·凸자형),433200,국립문화재연구원 서울 풍납토성 라-8 ,한강중류
127.115987,37.53396,서울,Charcoal,서울 풍납토성,마-1 ,국립문화재연구원,1827,24,백제(방형),X,국립문화재연구원 서울 풍납토성 마-1 ,한강중류
127.115987,37.53396,서울,Charcoal,서울 풍납토성,풍납Ⅰ-가-3,국립문화재연구원,1980,50,백제(呂·凸자형),714500,국립문화재연구원 서울 풍납토성 풍납Ⅰ-가-3,한강중류
127.115987,37.53396,서울,Charcoal,서울 풍납토성,풍납Ⅰ-가-4,국립문화재연구원,1850,50,백제(呂·凸자형),X,국립문화재연구원 서울 풍납토성 풍납Ⅰ-가-4,한강중류
127.115987,37.53396,서울,Charcoal,서울 풍납토성,풍납Ⅰ-가-2,국립문화재연구원,2190,50,백제(呂·凸자형),734900,국립문화재연구원 서울 풍납토성 풍납Ⅰ-가-2,한강중류
127.115987,37.53396,서울,Charcoal,서울 풍납토성,풍납Ⅰ-나-1,국립문화재연구원,2030,60,백제(呂·凸자형),X,국립문화재연구원 서울 풍납토성 풍납Ⅰ-나-1,한강중류
127.115987,37.53396,서울,Charcoal,서울 풍납토성,풍납Ⅰ-나-3,국립문화재연구원,2150,50,백제(呂·凸자형),X,국립문화재연구원 서울 풍납토성 풍납Ⅰ-나-3,한강중류
127.115987,37.53396,서울,Charcoal,서울 풍납토성,풍납Ⅰ-나-8,국립문화재연구원,2080,60,백제(呂·凸자형),X,국립문화재연구원 서울 풍납토성 풍납Ⅰ-나-8,한강중류
127.117257,37.400068,경기,Charcoal,성남 동판교,21-1-3,고려문화재연구원,1830,50,백제(방형),X,고려문화재연구원 성남 동판교 21-1-3 ,경기남부
127.117257,37.400068,경기,Charcoal,성남 동판교,21-18 ,고려문화재연구원,1820,36,백제(방형),X,고려문화재연구원 성남 동판교 21-18 ,경기남부
127.117257,37.400068,경기,Charcoal,성남 동판교,21-20 ,고려문화재연구원,1806,36,백제(방형),X,고려문화재연구원 성남 동판교 21-20 ,경기남부
127.117257,37.400068,경기,Charcoal,성남 동판교,21-2-1,고려문화재연구원,1683,26,백제(呂·凸자형),866768,고려문화재연구원 성남 동판교 21-2-1 ,경기남부
127.117257,37.400068,경기,Charcoal,성남 동판교,21-2-2,고려문화재연구원,1720,36,백제(呂·凸자형),X,고려문화재연구원 성남 동판교 21-2-2 ,경기남부
127.117257,37.400068,경기,Charcoal,성남 동판교,21-8,고려문화재연구원,1751,36,백제(방형),111156,고려문화재연구원 성남 동판교 21-8 ,경기남부
127.146454,37.466592,경기,Charcoal,성남 창곡동,바-1,중앙문화재연구원,1515,29,백제(방형),X,중앙문화재연구원 성남 창곡동 바-1,경기남부
126.820542,37.415902,경기,Charcoal,시흥 매화동,1,한양문화재연구원,1746,27,백제(呂·凸자형),663366,한양문화재연구원 시흥 매화동 1,경기남부
126.820542,37.415902,경기,Charcoal,시흥 매화동,2,한양문화재연구원,1760,25,백제(방형),240100,한양문화재연구원 시흥 매화동 2,경기남부
127.432718,37.093609,경기,Charcoal,안성 매산리,10,기남문화재연구원,1730,30,백제(방형),X,기남문화재연구원 안성 매산리 10,경기남부
127.432718,37.093609,경기,Charcoal,안성 매산리,12,기남문화재연구원,1780,30,백제(방형),X,기남문화재연구원 안성 매산리 12,경기남부
127.432718,37.093609,경기,Charcoal,안성 매산리,2,기남문화재연구원,1670,30,백제(방형),X,기남문화재연구원 안성 매산리 2,경기남부
127.432718,37.093609,경기,Charcoal,안성 매산리,5,기남문화재연구원,1620,30,백제(방형),X,기남문화재연구원 안성 매산리 5,경기남부
127.146663,36.971442,경기,Charcoal,안성 중복리,삼국시대 주거지,한국문화재재단,1937,24,백제(방형),152000,한국문화재재단 안성 중복리 삼국시대 주거지,경기남부
126.971097,37.409198,경기,Charcoal,안양 관양동,4-2-1,고려문화재연구원,1850,60,백제(呂·凸자형),523088,고려문화재연구원 안양 관양동 4-2-1 ,경기남부
126.971097,37.409198,경기,Charcoal,안양 관양동,4-4-1,고려문화재연구원,1660,50,백제(방형),X,고려문화재연구원 안양 관양동 4-4-1 ,경기남부
126.971097,37.409198,경기,Charcoal,안양 관양동,4-4-2,고려문화재연구원,1590,50,백제(방형),X,고려문화재연구원 안양 관양동 4-4-2 ,경기남부
126.971097,37.409198,경기,Charcoal,안양 관양동,4-4-4,고려문화재연구원,1600,43,백제(呂·凸자형),X,고려문화재연구원 안양 관양동 4-4-4 ,경기남부
126.971097,37.409198,경기,Charcoal,안양 관양동,4-4-5,고려문화재연구원,1638,39,불명,X,고려문화재연구원 안양 관양동 4-4-5,경기남부
127.985671,38.13245,강원,Charcoal,양구 고대리,삼-1,강원도문화재연구소,1630,30,백제(呂·凸자형),177984,강원도문화재연구소 양구 고대리 삼-1,영서
127.985671,38.13245,강원,Charcoal,양구 고대리,삼-2,강원도문화재연구소,1550,30,백제(呂·凸자형),129792,강원도문화재연구소 양구 고대리 삼-2,영서
127.985671,38.13245,강원,Charcoal,양구 고대리,철-1,강원도문화재연구소,1750,30,백제(呂·凸자형),247816,강원도문화재연구소 양구 고대리 철-1,영서
127.985671,38.13245,강원,Charcoal,양구 고대리,철-12,강원도문화재연구소,1820,30,백제(방형),X,강원도문화재연구소 양구 고대리 철-12,영서
127.985671,38.13245,강원,Charcoal,양구 고대리,철-16,강원도문화재연구소,1870,40,백제(방형),X,강원도문화재연구소 양구 고대리 철-16,영서
127.985671,38.13245,강원,Charcoal,양구 고대리,철-17,강원도문화재연구소,1830,30,불명,X,강원도문화재연구소 양구 고대리 철-17,영서
127.985671,38.13245,강원,Charcoal,양구 고대리,철-18,강원도문화재연구소,1840,30,불명,X,강원도문화재연구소 양구 고대리 철-18,영서
127.985671,38.13245,강원,Charcoal,양구 고대리,청-13,강원도문화재연구소,1630,40,청동기(장방형),569050,강원도문화재연구소 양구 고대리 청-13,영서
127.985671,38.13245,강원,Charcoal,양구 고대리,청-9,강원도문화재연구소,2190,40,청동기(장방형),197181,강원도문화재연구소 양구 고대리 청-9,영서
126.981489,37.819986,경기,Charcoal,양주 광석리,1,국방문화재연구원,1730,60,백제(呂·凸자형),X,국방문화재연구원 양주 광석리 1,경기북부
126.981489,37.819986,경기,Charcoal,양주 광석리,2,국방문화재연구원,1798,26,백제(呂·凸자형),X,국방문화재연구원 양주 광석리 2,경기북부
126.981489,37.819986,경기,Charcoal,양주 광석리,3,국방문화재연구원,1700,40,백제(呂·凸자형),464110,국방문화재연구원 양주 광석리 3,경기북부
126.981489,37.819986,경기,Charcoal,양주 광석리,6,국방문화재연구원,1930,40,장방형,X,국방문화재연구원 양주 광석리 6,경기북부
127.010294,37.786889,경기,Charcoal,양주 대모산성,8차-1-주거지,기호문화재연구원,1620,40,불명,X,기호문화재연구원 양주 대모산성 8차-1-주거지,경기북부
127.06144,37.779078,경기,Charcoal,양주 마전동,5,한성문화재연구원,1688,2,백제(呂·凸자형),X,한성문화재연구원 양주 마전동 5,경기북부
127.53731,37.421297,경기,Charcoal,양평 상자포리,1,한양문화재연구원,1720,25,백제(呂·凸자형),436160,한양문화재연구원 양평 상자포리 1,경기북부
127.53731,37.421297,경기,Charcoal,양평 상자포리,2,한양문화재연구원,1448,31,신라(방형),X,한양문화재연구원 양평 상자포리 2,경기북부
127.53731,37.421297,경기,Charcoal,양평 상자포리,2-1,한양문화재연구원,1919,26,신라(방형),X,한양문화재연구원 양평 상자포리 2-1,경기북부
127.53731,37.421297,경기,Charcoal,양평 상자포리,4,한양문화재연구원,1376,22,신라(방형),180800,한양문화재연구원 양평 상자포리 4,경기북부
127.53731,37.421297,경기,Charcoal,양평 상자포리,5,한양문화재연구원,1154,22,신라(방형),X,한양문화재연구원 양평 상자포리 5,경기북부
127.484805,37.494859,경기,Charcoal,양평 양근리,원-1,국토문화재연구원,1800,30,불명,X,국토문화재연구원 양평 양근리 원-1,경기북부
127.484805,37.494859,경기,Charcoal,양평 양근리,원-3,국토문화재연구원,1700,30,백제(呂·凸자형),X,국토문화재연구원 양평 양근리 원-3,경기북부
127.484805,37.494859,경기,Charcoal,양평 양근리,원-5,국토문화재연구원,1760,30,백제(呂·凸자형),X,국토문화재연구원 양평 양근리 원-5,경기북부
127.320794,37.54989,경기,Charcoal,양평 양수리 상석정,A-13,성균관대학교박물관,1990,40,백제(방형),190134,성균관대학교박물관 양평 양수리 상석정 A-13,경기북부
127.320794,37.54989,경기,Charcoal,양평 양수리 상석정,A-17,성균관대학교박물관,1970,40,백제(呂·凸자형),X,성균관대학교박물관 양평 양수리 상석정 A-17,경기북부
127.320794,37.54989,경기,Charcoal,양평 양수리 상석정,A-19,성균관대학교박물관,2020,40,백제(방형),X,성균관대학교박물관 양평 양수리 상석정 A-19,경기북부
127.320794,37.54989,경기,Charcoal,양평 양수리 상석정,A-7-3,성균관대학교박물관,1990,30,백제(방형),169050,성균관대학교박물관 양평 양수리 상석정 A-7-3,경기북부
127.320794,37.54989,경기,Charcoal,양평 양수리 상석정,A-9,성균관대학교박물관,1930,40,백제(呂·凸자형),X,성균관대학교박물관 양평 양수리 상석정 A-9,경기북부
127.320794,37.54989,경기,Charcoal,양평 양수리 상석정,B-1,성균관대학교박물관,1830,40,백제(呂·凸자형),303975,성균관대학교박물관 양평 양수리 상석정 B-1,경기북부
127.402135,37.494394,경기,Charcoal,양평 운심리,1,한국문화재재단,1670,28,백제(방형),X,한국문화재재단 양평 운심리 1,경기북부
127.402135,37.494394,경기,Charcoal,양평 운심리,2,한국문화재재단,1842,24,백제(呂·凸자형),X,한국문화재재단 양평 운심리 2,경기북부
127.535261,37.424531,경기,Charcoal,양평 하자포리,2,고려문화재연구원,1521,24,백제(呂·凸자형),X,고려문화재연구원 양평 하자포리 2,경기북부
127.532986,37.430455,경기,Charcoal,양평 하자포리,2,한성문화재연구원,1650,30,백제(呂·凸자형),X,한성문화재연구원 양평 하자포리 2,경기북부
127.535261,37.424531,경기,Charcoal,양평 하자포리,3,고려문화재연구원,1765,15,백제(呂·凸자형),X,고려문화재연구원 양평 하자포리 3,경기북부
127.532986,37.430455,경기,Charcoal,양평 하자포리,3,한성문화재연구원,1670,30,불명,X,한성문화재연구원 양평 하자포리 3,경기북부
127.535261,37.424531,경기,Charcoal,양평 하자포리,4,고려문화재연구원,1666,21,백제(呂·凸자형),X,고려문화재연구원 양평 하자포리 4,경기북부
127.535912,37.423334,경기,Charcoal,양평 하자포리,6,경기도자박물관,1779,25,백제(呂·凸자형),275424,경기도자박물관 양평 하자포리 6,경기북부
127.535912,37.423334,경기,Charcoal,양평 하자포리,7,경기도자박물관,1677,22,불명,X,경기도자박물관 양평 하자포리 7,경기북부
127.536201,37.422809,경기,Charcoal,양평 하자포리,삼(한)-주,한국문화재재단,1700,24,백제(呂·凸자형),X,한국문화재재단 양평 하자포리 삼(한)-주,경기북부
127.535749,37.423713,경기,Charcoal,양평 하자포리,삼(한)-주,한국문화재재단,1780,16,백제(呂·凸자형),X,한국문화재재단 양평 하자포리 삼(한)-주,경기북부
127.536111,37.423056,경기,Charcoal,양평 하자포리,삼(한)-주-1,한국문화재재단,1759,17,백제(呂·凸자형),X,한국문화재재단 양평 하자포리 삼(한)-주-1,경기북부
127.536111,37.423056,경기,Charcoal,양평 하자포리,삼(한)-주-3,한국문화재재단,1721,18,백제(呂·凸자형),X,한국문화재재단 양평 하자포리 삼(한)-주-3,경기북부
127.532306,37.430364,경기,Charcoal,양평 하자포리,삼국 주거지-2,한국문화재재단,1729,16,백제(呂·凸자형),X,한국문화재재단 양평 하자포리 삼국 주거지-2,경기북부
127.532306,37.430364,경기,Charcoal,양평 하자포리,삼국 주거지-3,한국문화재재단,1720,24,백제(呂·凸자형),X,한국문화재재단 양평 하자포리 삼국 주거지-3,경기북부
127.536201,37.422809,경기,Charcoal,양평 하자포리,삼-주-1,한국문화재재단,1585,27,백제(방형),133500,한국문화재재단 양평 하자포리 삼-주-1,경기북부
127.532306,37.430364,경기,Charcoal,양평 하자포리,원삼국 주거지,한국문화재재단,1920,16,백제(呂·凸자형),X,한국문화재재단 양평 하자포리 원삼국 주거지,경기북부
127.535749,37.423713,경기,Charcoal,양평 하자포리,원-주,한국문화재재단,1816,16,백제(呂·凸자형),X,한국문화재재단 양평 하자포리 원-주,경기북부
127.672158,37.289407,경기,Charcoal,여주 연양리,3-10,중앙문화재연구원,1445,36,백제(방형),828000,중앙문화재연구원 여주 연양리 3-10 ,경기남부
127.672158,37.289407,경기,Charcoal,여주 연양리,3-7,중앙문화재연구원,1497,29,백제(呂·凸자형),497020,중앙문화재연구원 여주 연양리 3-7 ,경기남부
127.672158,37.289407,경기,Charcoal,여주 연양리,6,고려문화재연구원,1760,50,백제(방형),X,고려문화재연구원 여주 연양리 6 ,경기남부
127.672158,37.289407,경기,Charcoal,여주 연양리,7,고려문화재연구원,1965,36,백제(呂·凸자형),X,고려문화재연구원 여주 연양리 7 ,경기남부
127.54228,37.201095,경기,Charcoal,여주 태평리,1,전남문화재연구원,1660,40,백제(방형),X,전남문화재연구원 여주 태평리 1,경기남부
127.54228,37.201095,경기,Charcoal,여주 태평리,2,전남문화재연구원,1550,30,백제(방형),X,전남문화재연구원 여주 태평리 2,경기남부
127.54228,37.201095,경기,Charcoal,여주 태평리,7,전남문화재연구원,1551,22,백제(방형),X,전남문화재연구원 여주 태평리 7,경기남부
127.018379,38.109908,경기,Charcoal,연천 강내리,11,고려문화재연구원,1870,40,백제(呂·凸자형),485598,고려문화재연구원 연천 강내리 11 ,경기북부
127.018379,38.109908,경기,Charcoal,연천 강내리,15,고려문화재연구원,1530,40,백제(呂·凸자형),300709,고려문화재연구원 연천 강내리 15 ,경기북부
127.018379,38.109908,경기,Charcoal,연천 강내리,17,고려문화재연구원,1645,29,백제(呂·凸자형),308120,고려문화재연구원 연천 강내리 17 ,경기북부
127.018379,38.109908,경기,Charcoal,연천 강내리,22,고려문화재연구원,1900,90,백제(呂·凸자형),493500,고려문화재연구원 연천 강내리 22 ,경기북부
127.018379,38.109908,경기,Charcoal,연천 강내리,24,고려문화재연구원,1920,40,백제(呂·凸자형),363125,고려문화재연구원 연천 강내리 24 ,경기북부
127.018379,38.109908,경기,Charcoal,연천 강내리,26,고려문화재연구원,1610,40,백제(呂·凸자형),X,고려문화재연구원 연천 강내리 26 ,경기북부
127.018379,38.109908,경기,Charcoal,연천 강내리,27,고려문화재연구원,1750,40,백제(呂·凸자형),X,고려문화재연구원 연천 강내리 27 ,경기북부
127.018379,38.109908,경기,Charcoal,연천 강내리,32,고려문화재연구원,1710,40,백제(呂·凸자형),179725,고려문화재연구원 연천 강내리 32 ,경기북부
127.018379,38.109908,경기,Charcoal,연천 강내리,34,고려문화재연구원,1750,29,백제(呂·凸자형),737960,고려문화재연구원 연천 강내리 34 ,경기북부
127.018379,38.109908,경기,Charcoal,연천 강내리,38,고려문화재연구원,1750,50,백제(呂·凸자형),530325,고려문화재연구원 연천 강내리 38 ,경기북부
127.018379,38.109908,경기,Charcoal,연천 강내리,41,고려문화재연구원,1700,40,백제(呂·凸자형),366200,고려문화재연구원 연천 강내리 41 ,경기북부
127.018379,38.109908,경기,Charcoal,연천 강내리,42,고려문화재연구원,1710,40,백제(呂·凸자형),X,고려문화재연구원 연천 강내리 42 ,경기북부
127.018379,38.109908,경기,Charcoal,연천 강내리,43,고려문화재연구원,1720,40,백제(방형),76167,고려문화재연구원 연천 강내리 43 ,경기북부
127.018379,38.109908,경기,Charcoal,연천 강내리,44,고려문화재연구원,1723,32,백제(방형),103500,고려문화재연구원 연천 강내리 44 ,경기북부
127.018379,38.109908,경기,Charcoal,연천 강내리,45,고려문화재연구원,1653,32,백제(呂·凸자형),799570,고려문화재연구원 연천 강내리 45 ,경기북부
127.018379,38.109908,경기,Charcoal,연천 강내리,52,고려문화재연구원,1800,40,백제(呂·凸자형),X,고려문화재연구원 연천 강내리 52 ,경기북부
127.018379,38.109908,경기,Charcoal,연천 강내리,58,고려문화재연구원,1700,40,백제(呂·凸자형),562763,고려문화재연구원 연천 강내리 58 ,경기북부
127.018379,38.109908,경기,Charcoal,연천 강내리,66,고려문화재연구원,1940,40,백제(呂·凸자형),X,고려문화재연구원 연천 강내리 66 ,경기북부
127.018379,38.109908,경기,Charcoal,연천 강내리,68,고려문화재연구원,1900,40,백제(呂·凸자형),X,고려문화재연구원 연천 강내리 68 ,경기북부
127.018379,38.109908,경기,Charcoal,연천 강내리,7,고려문화재연구원,1610,50,백제(呂·凸자형),X,고려문화재연구원 연천 강내리 7 ,경기북부
127.013889,38.005556,경기,Charcoal,연천 남계리,3-1,서울대학교박물관,1866,6,백제(呂·凸자형),X,서울대학교박물관 연천 남계리 3-1,경기북부
127.011691,38.086696,경기,Charcoal,연천 삼거리,1,백두문화재연구원,1940,29,백제(방형),199746,백두문화재연구원 연천 삼거리 1,경기북부
127.011691,38.086696,경기,Charcoal,연천 삼거리,2,백두문화재연구원,1975,29,불명,X,백두문화재연구원 연천 삼거리 2,경기북부
127.011691,38.086696,경기,Charcoal,연천 삼거리,3,백두문화재연구원,1900,40,불명,X,백두문화재연구원 연천 삼거리 3,경기북부
127.011691,38.086696,경기,Charcoal,연천 삼거리,4,백두문화재연구원,1880,40,백제(방형),82200,백두문화재연구원 연천 삼거리 4,경기북부
127.071624,38.089457,경기,Charcoal,연천 차탄리,1,한국문물연구원,1800,30,백제(呂·凸자형),X,한국문물연구원 연천 차탄리 1,경기북부
127.071624,38.089457,경기,Charcoal,연천 차탄리,통신-1,한국문물연구원,1460,30,신라(방형),230096,한국문물연구원 연천 차탄리 통신-1,경기북부
127.071624,38.089457,경기,Charcoal,연천 차탄리,2,한국문물연구원,1760,30,백제(呂·凸자형),282480,한국문물연구원 연천 차탄리 2,경기북부
127.071624,38.089457,경기,Charcoal,연천 차탄리,5,한국문물연구원,1790,30,백제(방형),X,한국문물연구원 연천 차탄리 5,경기북부
127.032608,38.136725,경기,Charcoal,연천 합수리,1,한울문화재연구원,1805,29,백제(呂·凸자형),X,한울문화재연구원 연천 합수리 1,경기북부
127.032608,38.136725,경기,Charcoal,연천 합수리,5,한울문화재연구원,1850,40,백제(呂·凸자형),X,한울문화재연구원 연천 합수리 5,경기북부
127.032608,38.136725,경기,Charcoal,연천 합수리,9,한울문화재연구원,1795,29,백제(呂·凸자형),X,한울문화재연구원 연천 합수리 9,경기북부
128.527565,37.271022,강원,Charcoal,영월 문산리,철기시대 주거지,강원도문화재연구소,1843,29,백제(呂·凸자형),X,강원도문화재연구소 영월 문산리 철기시대 주거지,영서
128.526808,37.269953,강원,Charcoal,영월 문산리,철-1,예맥문화재연구원,1821,21,백제(呂·凸자형),X,예맥문화재연구원 영월 문산리 철-1,영서
128.526808,37.269953,강원,Charcoal,영월 문산리,철-2,예맥문화재연구원,1798,20,백제(呂·凸자형),X,예맥문화재연구원 영월 문산리 철-2,영서
128.507406,37.210748,강원,Charcoal,영월 삼옥리,1,예맥문화재연구원,1895,20,백제(呂·凸자형),350418,예맥문화재연구원 영월 삼옥리 1,영서
128.507406,37.210748,강원,Charcoal,영월 삼옥리,2,예맥문화재연구원,1850,25,백제(방형),62720,예맥문화재연구원 영월 삼옥리 2,영서
128.507406,37.210748,강원,Charcoal,영월 삼옥리,3,예맥문화재연구원,1880,20,백제(呂·凸자형),X,예맥문화재연구원 영월 삼옥리 3,영서
128.507406,37.210748,강원,Charcoal,영월 삼옥리,4,예맥문화재연구원,1885,25,백제(呂·凸자형),374400,예맥문화재연구원 영월 삼옥리 4,영서
128.507406,37.210748,강원,Charcoal,영월 삼옥리,5,예맥문화재연구원,1840,20,백제(呂·凸자형),134000,예맥문화재연구원 영월 삼옥리 5,영서
128.507406,37.210748,강원,Charcoal,영월 삼옥리,6,예맥문화재연구원,1840,20,백제(방형),X,예맥문화재연구원 영월 삼옥리 6,영서
128.27063,37.268031,강원,Charcoal,영월 주천리,원삼국-2,예맥문화재연구원,1920,40,불명,X,예맥문화재연구원 영월 주천리 원삼국-2,영서
128.27063,37.268031,강원,Charcoal,영월 주천리,원삼국-3,예맥문화재연구원,1920,40,백제(呂·凸자형),X,예맥문화재연구원 영월 주천리 원삼국-3,영서
128.27063,37.268031,강원,Charcoal,영월 주천리,원삼국-4,예맥문화재연구원,1886,29,불명,X,예맥문화재연구원 영월 주천리 원삼국-4,영서
128.265477,37.270642,강원,Charcoal,영월 주천리 술샘,1,강원고고문화연구원,1710,50,백제(呂·凸자형),758975,강원고고문화연구원 영월 주천리 술샘 1 ,영서
128.265477,37.270642,강원,Charcoal,영월 주천리 술샘,7,강원고고문화연구원,1770,60,백제(呂·凸자형),X,강원고고문화연구원 영월 주천리 술샘 7 ,영서
128.265477,37.270642,강원,Charcoal,영월 주천리 술샘,8,강원고고문화연구원,1690,50,백제(呂·凸자형),X,강원고고문화연구원 영월 주천리 술샘 8 ,영서
128.492648,37.14987,강원,Charcoal,영월 팔괴리,신라 수혈주거지,강원도문화재연구소,1570,60,신라(방형),211200,강원도문화재연구소 영월 팔괴리 신라 수혈주거지,영서
128.492648,37.14987,강원,Charcoal,영월 팔괴리,철기 수혈주거지,강원도문화재연구소,1720,36,백제(呂·凸자형),X,강원도문화재연구소 영월 팔괴리 철기 수혈주거지,영서
127.06666,37.170768,경기,Charcoal,오산 내삼미동,14,경기문화재연구원,1590,20,백제(呂·凸자형),X,경기문화재연구원 오산 내삼미동 14 ,경기남부
127.06666,37.170768,경기,Charred seed,오산 내삼미동,16,경기문화재연구원,1585,20,백제(방형),233788,경기문화재연구원 오산 내삼미동 16 ,경기남부
127.06666,37.170768,경기,Charred seed,오산 내삼미동,19,경기문화재연구원,1605,20,백제(방형),X,경기문화재연구원 오산 내삼미동 19 ,경기남부
127.06666,37.170768,경기,Charcoal,오산 내삼미동,25,경기문화재연구원,1640,20,백제(방형),X,경기문화재연구원 오산 내삼미동 25 ,경기남부
127.06316,37.177744,경기,Charcoal,오산 내삼미동,나-삼국-2,경기문화재연구원,1690,30,백제(방형),X,경기문화재연구원 오산 내삼미동 나-삼국-2,경기남부
127.06316,37.177744,경기,Charcoal,오산 내삼미동,나-삼국-3,경기문화재연구원,1660,30,백제(방형),X,경기문화재연구원 오산 내삼미동 나-삼국-3,경기남부
127.06316,37.177744,경기,Charcoal,오산 내삼미동,나-삼국-4,경기문화재연구원,1550,40,백제(방형),X,경기문화재연구원 오산 내삼미동 나-삼국-4,경기남부
127.06316,37.177744,경기,Charcoal,오산 내삼미동,나-삼국-6,경기문화재연구원,1580,30,백제(방형),84845,경기문화재연구원 오산 내삼미동 나-삼국-6,경기남부
127.06316,37.177744,경기,Charcoal,오산 내삼미동,나-삼국-7,경기문화재연구원,1700,30,백제(방형),X,경기문화재연구원 오산 내삼미동 나-삼국-7,경기남부
127.06316,37.177744,경기,Charcoal,오산 내삼미동,다-삼국-1,경기문화재연구원,1610,30,백제(방형),X,경기문화재연구원 오산 내삼미동 다-삼국-1,경기남부
127.06316,37.177744,경기,Charcoal,오산 내삼미동,다-삼국-2,경기문화재연구원,1530,30,백제(방형),X,경기문화재연구원 오산 내삼미동 다-삼국-2,경기남부
127.06316,37.177744,경기,Charcoal,오산 내삼미동,다-삼국-3,경기문화재연구원,1840,60,백제(방형),X,경기문화재연구원 오산 내삼미동 다-삼국-3,경기남부
127.06316,37.177744,경기,Charcoal,오산 내삼미동,다-삼국-4,경기문화재연구원,1620,50,백제(방형),X,경기문화재연구원 오산 내삼미동 다-삼국-4,경기남부
127.06316,37.177744,경기,Charcoal,오산 내삼미동,다-삼국-6,경기문화재연구원,1580,30,백제(방형),X,경기문화재연구원 오산 내삼미동 다-삼국-6,경기남부
127.046514,37.133183,경기,Charcoal,오산 탑동∙두곡동,14-2,기호문화재연구원,1800,40,백제(방형),204060,기호문화재연구원 오산 탑동∙두곡동 14-3 ,경기남부
127.2135911,37.2412159,경기,Charcoal,용인 고림동,A-2,한신대학교박물관,1783,25,불명,X,한신대학교박물관 용인 고림동 A-2,경기남부
127.2135911,37.2412159,경기,Charcoal,용인 고림동,B-1,한신대학교박물관,1680,40,백제(呂·凸자형),X,한신대학교박물관 용인 고림동 B-1,경기남부
127.2135911,37.2412159,경기,Charcoal,용인 고림동,B-10,한신대학교박물관,1760,40,백제(방형),X,한신대학교박물관 용인 고림동 B-10,경기남부
127.2135911,37.2412159,경기,Charcoal,용인 고림동,B-2,한신대학교박물관,1786,32,백제(방형),X,한신대학교박물관 용인 고림동 B-2,경기남부
127.2135911,37.2412159,경기,Charcoal,용인 고림동,B-4,한신대학교박물관,1800,40,백제(呂·凸자형),X,한신대학교박물관 용인 고림동 B-4,경기남부
127.2135911,37.2412159,경기,Charcoal,용인 고림동,B-6,한신대학교박물관,1665,29,백제(呂·凸자형),X,한신대학교박물관 용인 고림동 B-6,경기남부
127.2135911,37.2412159,경기,Charcoal,용인 고림동,B-7,한신대학교박물관,1690,40,백제(呂·凸자형),1988032,한신대학교박물관 용인 고림동 B-7,경기남부
127.2135911,37.2412159,경기,Charcoal,용인 고림동,B-8,한신대학교박물관,1772,29,백제(呂·凸자형),X,한신대학교박물관 용인 고림동 B-8,경기남부
127.2135911,37.2412159,경기,Charcoal,용인 고림동,B-9,한신대학교박물관,1740,29,백제(呂·凸자형),X,한신대학교박물관 용인 고림동 B-9,경기남부
127.107251,37.294935,경기,Charcoal,용인 마북동,4,경기문화재연구원,1570,50,백제(방형),144936,경기문화재연구원 용인 마북동 4 ,경기남부
127.107251,37.294935,경기,Charcoal,용인 마북동,48,경기문화재연구원,1640,50,백제(呂·凸자형),X,경기문화재연구원 용인 마북동 48 ,경기남부
127.106619,37.294666,경기,Charcoal,용인 마북동,7,한국문화재재단,1700,30,백제(방형),X,한국문화재재단 용인 마북동 7,경기남부
127.107802,37.294478,경기,Charcoal,용인 마북동,70,경기문화재연구원,1450,50,신라(방형),187440,경기문화재연구원 용인 마북동 70,경기남부
127.097152,37.304083,경기,Charcoal,용인 보정리 소실,7,경기문화재연구원,1420,80,백제(방형),X,경기문화재연구원 용인 보정리 소실 7 ,경기남부
127.098813,37.276358,경기,Charcoal,용인 신갈동,1,서경문화재연구원,1710,40,백제(방형),X,서경문화재연구원 용인 신갈동 1,경기남부
127.1201086,37.298114,경기,Charcoal,용인 언남동,2지점-1,혜안문화재연구원,1680,30,백제(방형),368962,혜안문화재연구원 용인 언남동 2지점-1,경기남부
127.067762,37.272637,경기,Charcoal,용인 영덕동,1-1지점-1,경기문화재연구원,1180,50,백제(방형),X,경기문화재연구원 용인 영덕동 1-1지점-1,경기남부
127.067762,37.272637,경기,Charcoal,용인 영덕동,1-1지점-7,경기문화재연구원,1140,50,백제(방형),X,경기문화재연구원 용인 영덕동 1-1지점-7,경기남부
127.085653,37.275062,경기,Charcoal,용인 영덕동,14지점-3 ,기전문화재연구원,1750,50,백제(방형),X,기전문화재연구원 용인 영덕동 14지점-3 ,경기남부
127.085653,37.275062,경기,Charcoal,용인 영덕동,15지점-1,기전문화재연구원,1710,50,백제(방형),X,기전문화재연구원 용인 영덕동 15지점-1,경기남부
127.299842,37.151547,경기,Charcoal,용인 죽능리,5,기호문화재연구원,1550,60,백제(방형),X,기호문화재연구원 용인 죽능리 5,경기남부
127.299842,37.151547,경기,Charcoal,용인 죽능리,7,기호문화재연구원,1590,60,불명,X,기호문화재연구원 용인 죽능리 7,경기남부
127.299842,37.151547,경기,Charcoal,용인 죽능리,10,기호문화재연구원,1600,43,백제(방형),X,기호문화재연구원 용인 죽능리 10,경기남부
127.13867,37.241634,경기,Charcoal,용인 지곡동,삼국시대 주거지,서경문화재연구원,1575,22,백제(방형),X,서경문화재연구원 용인 지곡동 삼국시대 주거지,경기남부
127.175245,37.28716,경기,Unknown,용인 할미산성,1,한국문화유산연구원,1465,30,신라(방형),X,한국문화유산연구원 용인 할미산성 1,경기남부
127.175245,37.28716,경기,Unknown,용인 할미산성,2,한국문화유산연구원,1548,23,신라(방형),X,한국문화유산연구원 용인 할미산성 2,경기남부
127.175245,37.28716,경기,Unknown,용인 할미산성,3,한국문화유산연구원,1423,21,신라(방형),X,한국문화유산연구원 용인 할미산성 3,경기남부
127.175245,37.28716,경기,Unknown,용인 할미산성,4,한국문화유산연구원,1441,23,신라(방형),X,한국문화유산연구원 용인 할미산성 4,경기남부
127.175245,37.28716,경기,Charcoal,용인 할미산성,Ⅱ차-3,한국문화유산연구원,1477,24,신라(방형),X,한국문화유산연구원 용인 할미산성 Ⅱ차-3,경기남부
127.175245,37.28716,경기,Charcoal,용인 할미산성,Ⅱ차-4,한국문화유산연구원,1400,40,신라(방형),X,한국문화유산연구원 용인 할미산성 Ⅱ차-4,경기남부
127.175245,37.28716,경기,Unknown,용인 할미산성,Ⅲ차-1지점-1,한국문화유산연구원,1520,40,불명,X,한국문화유산연구원 용인 할미산성 Ⅲ차-1지점-1,경기남부
127.175245,37.28716,경기,Unknown,용인 할미산성,Ⅲ차-1지점-2,한국문화유산연구원,1450,40,신라(방형),X,한국문화유산연구원 용인 할미산성 Ⅲ차-1지점-2,경기남부
127.175245,37.28716,경기,Charcoal,용인 할미산성,Ⅳ차-7,한국문화유산연구원,1400,30,신라(방형),X,한국문화유산연구원 용인 할미산성 Ⅳ차-7,경기남부
127.175245,37.28716,경기,Charcoal,용인 할미산성,Ⅳ차-10,한국문화유산연구원,1690,40,신라(방형),X,한국문화유산연구원 용인 할미산성 Ⅳ차-10,경기남부
127.175245,37.28716,경기,Charcoal,용인 할미산성,Ⅳ차-11,한국문화유산연구원,1530,40,신라(방형),X,한국문화유산연구원 용인 할미산성 Ⅳ차-11,경기남부
127.175245,37.28716,경기,Unknown,용인 할미산성,Ⅴ차-10,한국문화유산연구원,1454,27,신라(방형),X,한국문화유산연구원 용인 할미산성 Ⅴ차-10,경기남부
127.175245,37.28716,경기,Unknown,용인 할미산성,Ⅴ차-16,한국문화유산연구원,1518,30,신라(방형),X,한국문화유산연구원 용인 할미산성 Ⅴ차-16,경기남부
127.175245,37.28716,경기,Unknown,용인 할미산성,Ⅴ차-22,한국문화유산연구원,1528,29,불명,X,한국문화유산연구원 용인 할미산성 Ⅴ차-22,경기남부
127.944313,37.3848,강원,Charcoal,원주 가현동,철-4,강원도문화재연구소,1770,29,백제(呂·凸자형),852100,강원도문화재연구소 원주 가현동 철-4,영서
127.944313,37.3848,강원,Charcoal,원주 가현동,철-10,강원도문화재연구소,1820,29,백제(呂·凸자형),X,강원도문화재연구소 원주 가현동 철-10,영서
127.944313,37.3848,강원,Charcoal,원주 가현동,철-13,강원도문화재연구소,1730,40,백제(呂·凸자형),432000,강원도문화재연구소 원주 가현동 철-13,영서
127.944313,37.3848,강원,Charcoal,원주 가현동,철-16,강원도문화재연구소,1750,29,백제(呂·凸자형),X,강원도문화재연구소 원주 가현동 철-16,영서
127.944313,37.3848,강원,Charcoal,원주 가현동,철-24,강원도문화재연구소,1776,32,백제(呂·凸자형),X,강원도문화재연구소 원주 가현동 철-24,영서
127.944313,37.3848,강원,Charcoal,원주 가현동,철-26,강원도문화재연구소,1790,29,백제(呂·凸자형),X,강원도문화재연구소 원주 가현동 철-26,영서
127.944313,37.3848,강원,Charcoal,원주 가현동,철-37,강원도문화재연구소,1850,40,백제(呂·凸자형),X,강원도문화재연구소 원주 가현동 철-37,영서
127.944313,37.3848,강원,Charcoal,원주 가현동,철-43,강원도문화재연구소,1790,50,백제(呂·凸자형),X,강원도문화재연구소 원주 가현동 철-43,영서
127.826795,37.32028,강원,Charcoal,원주 건등리,1,강원고고문화연구원,1529,22,백제(呂·凸자형),X,강원고고문화연구원 원주 건등리 1,영서
127.826223,37.338016,강원,Charcoal,원주 동화리,1,한강문화재연구원,1915,36,백제(呂·凸자형),419408,한강문화재연구원 원주 동화리 1,영서
127.826223,37.338016,강원,Charcoal,원주 동화리,3,한강문화재연구원,1920,36,백제(방형),589260,한강문화재연구원 원주 동화리 3,영서
127.826223,37.338016,강원,Charcoal,원주 동화리,5,한강문화재연구원,1970,36,백제(呂·凸자형),X,한강문화재연구원 원주 동화리 5,영서
127.749548,37.208053,강원,Charcoal,원주 법천리,1,강원고고문화연구원,1807,34,백제(呂·凸자형),X,강원고고문화연구원 원주 법천리 1,영서
127.749548,37.208053,강원,Charcoal,원주 법천리,2,강원고고문화연구원,1697,34,백제(呂·凸자형),X,강원고고문화연구원 원주 법천리 2,영서
127.097663,37.749339,경기,Charcoal,의정부 민락동,1-나-삼국-1,한국문화재재단,1550,40,백제(방형),X,한국문화재재단 의정부 민락동 1-나-삼국-1,경기북부
127.097663,37.749339,경기,Charcoal,의정부 민락동,1-나-원삼국-1,한국문화재재단,1810,30,백제(呂·凸자형),X,한국문화재재단 의정부 민락동 1-나-원삼국-1,경기북부
127.097663,37.749339,경기,Charcoal,의정부 민락동,1-나-원삼국-2,한국문화재재단,1900,30,백제(呂·凸자형),X,한국문화재재단 의정부 민락동 1-나-원삼국-2,경기북부
127.097663,37.749339,경기,Charcoal,의정부 민락동,1-나-원삼국-3,한국문화재재단,1840,30,백제(呂·凸자형),X,한국문화재재단 의정부 민락동 1-나-원삼국-3,경기북부
127.097663,37.749339,경기,Charcoal,의정부 민락동,2-가-통신-1,한국문화재재단,1310,30,신라(방형),180544,한국문화재재단 의정부 민락동 2-가-통신-1,경기북부
127.097663,37.749339,경기,Charcoal,의정부 민락동,2-나2-통신-1,한국문화재재단,1220,30,신라(방형),145024,한국문화재재단 의정부 민락동 2-나2-통신-1,경기북부
127.097663,37.749339,경기,Charcoal,의정부 민락동,2-나2-통신-17,한국문화재재단,1160,30,신라(방형),151800,한국문화재재단 의정부 민락동 2-나2-통신-17,경기북부
127.097663,37.749339,경기,Charcoal,의정부 민락동,2-나2-통신-32,한국문화재재단,1500,30,신라(방형),283024,한국문화재재단 의정부 민락동 2-나2-통신-32,경기북부
127.097663,37.749339,경기,Charcoal,의정부 민락동,2-나2-통신-40,한국문화재재단,1470,30,신라(방형),X,한국문화재재단 의정부 민락동 2-나2-통신-40,경기북부
127.097663,37.749339,경기,Charcoal,의정부 민락동,2-나2-통신-50,한국문화재재단,1420,30,신라(방형),165360,한국문화재재단 의정부 민락동 2-나2-통신-50,경기북부
127.097663,37.749339,경기,Charcoal,의정부 민락동,6-다-고구려-1,한국문화재재단,1570,30,고구려(방형),X,한국문화재재단 의정부 민락동 6-다-고구려-1,경기북부
127.097663,37.749339,경기,Charcoal,의정부 민락동,6-다-고구려-2,한국문화재재단,1520,30,고구려(방형),X,한국문화재재단 의정부 민락동 6-다-고구려-2,경기북부
127.097663,37.749339,경기,Charcoal,의정부 민락동,6-다-통신-3,한국문화재재단,1210,30,신라(방형),144000,한국문화재재단 의정부 민락동 6-다-통신-3,경기북부
127.097663,37.749339,경기,Charcoal,의정부 민락동,6-다-통신-4,한국문화재재단,1170,30,신라(방형),129000,한국문화재재단 의정부 민락동 6-다-통신-4,경기북부
127.097663,37.749339,경기,Charcoal,의정부 민락동,6-다-통신-5,한국문화재재단,1110,30,신라(방형),X,한국문화재재단 의정부 민락동 6-다-통신-5,경기북부
128.264202,37.871449,강원,Charcoal,인제 미산리,1-통일신라-1,경강문화재연구원,1080,30,신라(방형),X,경강문화재연구원 인제 미산리 1-통일신라-1,영서
128.264202,37.871449,강원,Charcoal,인제 미산리,1-통일신라-2,경강문화재연구원,1270,30,신라(방형),25600,경강문화재연구원 인제 미산리 1-통일신라-2,영서
128.264202,37.871449,강원,Charcoal,인제 미산리,1-통일신라-3,경강문화재연구원,1290,30,신라(방형),166600,경강문화재연구원 인제 미산리 1-통일신라-3,영서
128.264202,37.871449,강원,Charcoal,인제 미산리,1-통일신라-5,경강문화재연구원,1260,30,신라(방형),138600,경강문화재연구원 인제 미산리 1-통일신라-5,영서
128.264202,37.871449,강원,Charcoal,인제 미산리,1-통일신라-6,경강문화재연구원,1290,30,신라(방형),X,경강문화재연구원 인제 미산리 1-통일신라-6,영서
128.264202,37.871449,강원,Charcoal,인제 미산리,1-통일신라-9(1),경강문화재연구원,1460,30,신라(방형),159900,경강문화재연구원 인제 미산리 1-통일신라-9(1),영서
128.264202,37.871449,강원,Charcoal,인제 미산리,1-통일신라-9(2),경강문화재연구원,1280,30,신라(방형),159900,경강문화재연구원 인제 미산리 1-통일신라-9(2),영서
126.689053,37.611847,인천,Charcoal,인천 불로동,4-1,한국문화재보호재단,1700,80,백제(방형),174945,한국문화재보호재단 인천 불로동 4-1,한강하류
126.689053,37.611847,인천,Charcoal,인천 불로동,4-2,한국문화재보호재단,1850,39,백제(방형),X,한국문화재보호재단 인천 불로동 4-2,한강하류
126.515606,37.476826,인천,Charcoal,인천 운남동,A-KC-001,한국고고환경연구소,1820,60,백제(방형),X,한국고고환경연구소 인천 운남동 A-KC-001,한강하류
126.515606,37.476826,인천,Charcoal,인천 운남동,B-KC-001,한국고고환경연구소,1750,50,백제(방형),781015,한국고고환경연구소 인천 운남동 B-KC-001,한강하류
126.514342,37.524243,인천,Charcoal,인천 운북동,5-1,한강문화재연구원,2040,50,백제(방형),97500,한강문화재연구원 인천 운북동 5-1 ,한강하류
126.514342,37.524243,인천,Charcoal,인천 운북동,5-2,한강문화재연구원,1940,50,백제(방형),X,한강문화재연구원 인천 운북동 5-2 ,한강하류
126.5642,37.496274,인천,Charcoal,인천 중산동,23-1,한강문화재연구원,1550,40,백제(방형),319081,한강문화재연구원 인천 중산동 23-1 ,한강하류
126.549012,37.482487,인천,Charcoal,인천 중산동,3-12,중앙문화재연구원,1890,50,청동기(방형),136080,중앙문화재연구원 인천 중산동 3-12,한강하류
128.631196,37.315825,강원,"Charcoal, Charred material",정선 가수리,2,강원도문화재연구소,1834,17,백제(呂·凸자형),X,강원도문화재연구소 정선 가수리 2,영서
128.631196,37.315825,강원,Charcoal,정선 가수리,3,강원도문화재연구소,1790,30,백제(呂·凸자형),X,강원도문화재연구소 정선 가수리 3,영서
128.631196,37.315825,강원,Charcoal,정선 가수리,4,강원도문화재연구소,1900,30,백제(呂·凸자형),X,강원도문화재연구소 정선 가수리 4,영서
128.586561,37.267486,강원,Charcoal,정선 덕천리,철-주,강원도문화재연구소,1732,20,백제(呂·凸자형),X,강원도문화재연구소 정선 덕천리 철-주,영서
128.722069,37.474435,강원,Charcoal,정선 아우라지,12,강원도문화재연구소,1570,30,불명,X,강원도문화재연구소 정선 아우라지 12,영서
128.722069,37.474435,강원,Charcoal,정선 아우라지,5,강원도문화재연구소,1640,30,신라(呂·凸자형),425572,강원도문화재연구소 정선 아우라지 5,영서
128.722069,37.474435,강원,Charcoal,정선 아우라지,6,강원도문화재연구소,1610,30,신라(呂·凸자형),781064,강원도문화재연구소 정선 아우라지 6,영서
128.722069,37.474435,강원,Charcoal,정선 아우라지,7,강원도문화재연구소,1570,30,불명,X,강원도문화재연구소 정선 아우라지 7,영서
128.722069,37.474435,강원,Charcoal,정선 아우라지,9,강원도문화재연구소,1580,30,신라(呂·凸자형),483896,강원도문화재연구소 정선 아우라지 9,영서
127.722827,37.478914,강원,Charcoal,정선 여량리,1,강원도문화재연구소,1680,30,불명,X,강원도문화재연구소 정선 여량리 1,영서
127.722827,37.478914,강원,Charcoal,정선 여량리,2,강원도문화재연구소,1840,40,불명,X,강원도문화재연구소 정선 여량리 2,영서
127.722827,37.478914,강원,Charcoal,정선 여량리,4,강원도문화재연구소,1810,40,불명,X,강원도문화재연구소 정선 여량리 4,영서
128.638004,37.209188,강원,Charcoal,정선 예미리,10,강원도문화재연구소,1690,50,백제(呂·凸자형),1035960,강원도문화재연구소 정선 예미리 10,영서
128.638004,37.209188,강원,Charcoal,정선 예미리,6,강원도문화재연구소,1710,50,백제(呂·凸자형),510560,강원도문화재연구소 정선 예미리 6,영서
128.638004,37.209188,강원,Charcoal,정선 예미리,8,강원도문화재연구소,1770,60,백제(呂·凸자형),X,강원도문화재연구소 정선 예미리 8,영서
128.168599,37.148507,충청,Charcoal,제천 왕암동,4-2,중원문화재연구원,1990,40,백제(방형),X,중원문화재연구원 제천 왕암동 4-2,영서
128.168599,37.148507,충청,Charcoal,제천 왕암동,4-3,중원문화재연구원,1240,40,백제(방형),X,중원문화재연구원 제천 왕암동 4-3,영서
128.168599,37.148507,충청,Charcoal,제천 왕암동,4-5,중원문화재연구원,1780,40,백제(방형),X,중원문화재연구원 제천 왕암동 4-5,영서
127.726466,37.756309,강원,Charcoal,춘천 군자리,1,예맥문화재연구원,1802,13,백제(呂·凸자형),X,예맥문화재연구원 춘천 군자리 1,영서
127.726466,37.756309,강원,Charcoal,춘천 군자리,2,예맥문화재연구원,1758,15,백제(呂·凸자형),230300,예맥문화재연구원 춘천 군자리 2,영서
127.721289,37.891914,강원,Charcoal,춘천 근화동,철-3,예맥문화재연구원,1840,20,백제(呂·凸자형),299592,예맥문화재연구원 춘천 근화동 철-3,영서
127.721289,37.891914,강원,Charcoal,춘천 근화동,통신-1,예맥문화재연구원,1220,20,신라(방형),140400,예맥문화재연구원 춘천 근화동 통신-1,영서
127.721289,37.891914,강원,Charcoal,춘천 근화동,통신-14,예맥문화재연구원,1495,20,신라(방형),128700,예맥문화재연구원 춘천 근화동 통신-14,영서
127.692716,37.867458,강원,Charcoal,춘천 삼천동,1,한림대학교박물관,1792,32,불명,X,한림대학교박물관 춘천 삼천동 1,영서
127.727239,37.892221,강원,Charcoal,춘천 소양로 1가,통일신라 주거지,강원도문화재연구소,1140,30,신라(방형),X,강원도문화재연구소 춘천 소양로 1가 통일신라 주거지,영서
127.726943,37.891902,강원,Charcoal,춘천 소양로 1가,통일신라-1,한국문화재재단,1303,19,신라(방형),X,한국문화재재단 춘천 소양로 1가 통일신라-1,영서
127.72738,37.892239,강원,Charcoal,춘천 소양로 1가,통일신라-2,강원도문화재연구소,1110,30,신라(방형),157210,강원도문화재연구소 춘천 소양로 1가 통일신라-2,영서
127.726943,37.891902,강원,Charcoal,춘천 소양로 1가,통일신라-2,한국문화재재단,1182,17,신라(방형),156560,한국문화재재단 춘천 소양로 1가 통일신라-2,영서
127.726943,37.891902,강원,Charcoal,춘천 소양로 1가,통일신라-3,한국문화재재단,1230,21,신라(방형),X,한국문화재재단 춘천 소양로 1가 통일신라-3,영서
127.72738,37.892239,강원,Charcoal,춘천 소양로 1가,통일신라-4,강원도문화재연구소,1360,30,신라(방형),159800,강원도문화재연구소 춘천 소양로 1가 통일신라-4,영서
127.726943,37.891902,강원,Charcoal,춘천 소양로 1가,통일신라-5,한국문화재재단,1457,22,신라(방형),164688,한국문화재재단 춘천 소양로 1가 통일신라-5,영서
127.72738,37.892239,강원,Charcoal,춘천 소양로 1가,통일신라-6,강원도문화재연구소,1300,30,신라(방형),X,강원도문화재연구소 춘천 소양로 1가 통일신라-6,영서
127.72738,37.892239,강원,Charcoal,춘천 소양로 1가,통일신라-7,강원도문화재연구소,1340,30,신라(방형),X,강원도문화재연구소 춘천 소양로 1가 통일신라-7,영서
127.726122,37.89133,강원,Charcoal,춘천 소양로 1가,통일신라-4,한백문화재연구원,1340,40,신라(방형),70747,한백문화재연구원 춘천 소양로 1가 통일신라-4,영서
127.726122,37.89133,강원,Charcoal,춘천 소양로 1가,통일신라-6,한백문화재연구원,1540,40,신라(방형),X,한백문화재연구원 춘천 소양로 1가 통일신라-6,영서
127.711265,37.930072,강원,Charcoal,춘천 신매리,Ⅱ-원삼국-1,예맥문화재연구원,1834,22,백제(呂·凸자형),X,예맥문화재연구원 춘천 신매리 Ⅱ-원삼국-1,영서
127.711265,37.930072,강원,Charcoal,춘천 신매리,Ⅱ-원삼국-2,예맥문화재연구원,2036,36,백제(呂·凸자형),X,예맥문화재연구원 춘천 신매리 Ⅱ-원삼국-2,영서
127.742482,37.912379,강원,Charcoal,춘천 우두동,철-주-1,강원도문화재연구소,1836,29,백제(呂·凸자형),297480,강원도문화재연구소 춘천 우두동 철-주-1,영서
127.742482,37.912379,강원,Charcoal,춘천 우두동,철-주-2,강원도문화재연구소,1945,29,백제(呂·凸자형),399320,강원도문화재연구소 춘천 우두동 철-주-2,영서
127.743126,37.913389,강원,Charcoal,춘천 우두동,Ⅱ-1,강원도문화재연구소,1890,40,백제(呂·凸자형),752900,강원도문화재연구소 춘천 우두동 Ⅱ-1,영서
127.743126,37.913389,강원,Charcoal,춘천 우두동,Ⅱ-3,강원도문화재연구소,1670,40,백제(呂·凸자형),X,강원도문화재연구소 춘천 우두동 Ⅱ-3,영서
127.743126,37.913389,강원,Charcoal,춘천 우두동,Ⅲ-1,강원도문화재연구소,1821,32,백제(呂·凸자형),X,강원도문화재연구소 춘천 우두동 Ⅲ-1,영서
127.743126,37.913389,강원,Charcoal,춘천 우두동,Ⅲ-3,강원도문화재연구소,1780,40,백제(呂·凸자형),229875,강원도문화재연구소 춘천 우두동 Ⅲ-3,영서
127.743126,37.913389,강원,Charcoal,춘천 우두동,Ⅲ-4,강원도문화재연구소,1900,40,백제(呂·凸자형),X,강원도문화재연구소 춘천 우두동 Ⅲ-4,영서
127.743126,37.913389,강원,"Charcoal, Charred grain",춘천 우두동,Ⅲ-7,강원도문화재연구소,1848,32,백제(呂·凸자형),X,강원도문화재연구소 춘천 우두동 Ⅲ-7,영서
127.743126,37.913389,강원,Charcoal,춘천 우두동,1(1),강원도문화재연구소,1900,50,백제(呂·凸자형),X,강원도문화재연구소 춘천 우두동 1(1),영서
127.743126,37.913389,강원,Charcoal,춘천 우두동,1(2),강원도문화재연구소,1680,50,백제(呂·凸자형),X,강원도문화재연구소 춘천 우두동 1(2),영서
127.743126,37.913389,강원,Charcoal,춘천 우두동,3,강원도문화재연구소,1879,39,백제(呂·凸자형),881200,강원도문화재연구소 춘천 우두동 3,영서
127.743126,37.913389,강원,Charcoal,춘천 우두동,4,강원도문화재연구소,1810,43,불명,X,강원도문화재연구소 춘천 우두동 4,영서
127.757346,37.929676,강원,Charcoal,춘천 율문리,원-13,호남문화재연구원,1845,22,백제(呂·凸자형),885240,호남문화재연구원 춘천 율문리 원-13,영서
127.757346,37.929676,강원,Charcoal,춘천 율문리,원-14(1),호남문화재연구원,1920,30,백제(呂·凸자형),195348,호남문화재연구원 춘천 율문리 원-14(1),영서
127.757346,37.929676,강원,Charcoal,춘천 율문리,원-14(2),호남문화재연구원,1780,30,백제(呂·凸자형),195348,호남문화재연구원 춘천 율문리 원-14(2),영서
127.757346,37.929676,강원,Charcoal,춘천 율문리,원-16,호남문화재연구원,1920,30,백제(呂·凸자형),836200,호남문화재연구원 춘천 율문리 원-16,영서
127.757346,37.929676,강원,Charcoal,춘천 율문리,원-18(1),호남문화재연구원,1920,30,백제(呂·凸자형),384600,호남문화재연구원 춘천 율문리 원-18(1),영서
127.757346,37.929676,강원,Charcoal,춘천 율문리,원-18(2),호남문화재연구원,2090,30,백제(呂·凸자형),384600,호남문화재연구원 춘천 율문리 원-18(2),영서
127.757346,37.929676,강원,Charcoal,춘천 율문리,원-21(1),호남문화재연구원,2010,30,백제(呂·凸자형),188720,호남문화재연구원 춘천 율문리 원-21(1),영서
127.757346,37.929676,강원,Charcoal,춘천 율문리,원-21(2),호남문화재연구원,1850,30,백제(呂·凸자형),188720,호남문화재연구원 춘천 율문리 원-21(2),영서
127.757346,37.929676,강원,Charcoal,춘천 율문리,원-22,호남문화재연구원,1905,22,백제(呂·凸자형),503520,호남문화재연구원 춘천 율문리 원-22,영서
127.757346,37.929676,강원,Charcoal,춘천 율문리,원-29,호남문화재연구원,1790,30,백제(呂·凸자형),X,호남문화재연구원 춘천 율문리 원-29,영서
127.757346,37.929676,강원,Charcoal,춘천 율문리,원-31,호남문화재연구원,1800,30,백제(呂·凸자형),X,호남문화재연구원 춘천 율문리 원-31,영서
127.757346,37.929676,강원,Charcoal,춘천 율문리,원-4,호남문화재연구원,1790,22,백제(呂·凸자형),X,호남문화재연구원 춘천 율문리 원-4,영서
127.757346,37.929676,강원,Charcoal,춘천 율문리,원-48(1),호남문화재연구원,1830,30,백제(呂·凸자형),X,호남문화재연구원 춘천 율문리 원-48(1),영서
127.757346,37.929676,강원,Charcoal,춘천 율문리,원-48(2),호남문화재연구원,1950,30,백제(呂·凸자형),X,호남문화재연구원 춘천 율문리 원-48(2),영서
127.757346,37.929676,강원,Charcoal,춘천 율문리,원-5(1),호남문화재연구원,1780,30,백제(呂·凸자형),367240,호남문화재연구원 춘천 율문리 원-5(1),영서
127.757346,37.929676,강원,Charcoal,춘천 율문리,원-5(2),호남문화재연구원,1900,30,백제(呂·凸자형),367240,호남문화재연구원 춘천 율문리 원-5(2),영서
127.751408,37.931132,강원,Charcoal,춘천 율문리,1,강원도문화재연구소,1730,50,백제(呂·凸자형),595636,강원도문화재연구소 춘천 율문리 1,영서
127.751408,37.931132,강원,Charcoal,춘천 율문리,3,강원도문화재연구소,1756,36,백제(呂·凸자형),282204,강원도문화재연구소 춘천 율문리 3,영서
127.751408,37.931132,강원,Charcoal,춘천 율문리,7,강원도문화재연구소,1810,50,백제(呂·凸자형),X,강원도문화재연구소 춘천 율문리 7,영서
127.751408,37.931132,강원,Charcoal,춘천 율문리,8,강원도문화재연구소,1840,50,백제(呂·凸자형),X,강원도문화재연구소 춘천 율문리 8,영서
127.751408,37.931132,강원,Charcoal,춘천 율문리,3,예맥문화재연구원,1910,60,불명,X,예맥문화재연구원 춘천 율문리 3,영서
127.701081,37.885079,강원,Charcoal,춘천 중도동,1,강원고고문화연구원,1960,50,백제(呂·凸자형),X,강원고고문화연구원 춘천 중도동 1,영서
127.701081,37.885079,강원,Charcoal,춘천 중도동,2,강원고고문화연구원,1718,15,백제(呂·凸자형),1021700,강원고고문화연구원 춘천 중도동 2,영서
127.701081,37.885079,강원,Charcoal,춘천 중도동,3,강원고고문화연구원,1730,40,백제(呂·凸자형),1036600,강원고고문화연구원 춘천 중도동 3,영서
127.701081,37.885079,강원,Charcoal,춘천 중도동,6,강원고고문화연구원,1690,40,백제(呂·凸자형),X,강원고고문화연구원 춘천 중도동 6,영서
127.701081,37.885079,강원,Charcoal,춘천 중도동,7,강원고고문화연구원,1790,40,백제(呂·凸자형),705500,강원고고문화연구원 춘천 중도동 7,영서
127.769349,37.924413,강원,Charcoal,춘천 지내리,주거지,한국문화재재단,1750,29,백제(呂·凸자형),X,한국문화재재단 춘천 지내리 주거지,영서
127.77074,37.924307,강원,Charcoal,춘천 지내리,철-3,강원도문화재연구소,1740,40,불명,X,강원도문화재연구소 춘천 지내리 철-3,영서
127.771364,37.923876,강원,Charcoal,춘천 지내리,철기시대 주거지,국강고고학연구소,1720,30,불명,X,국강고고학연구소 춘천 지내리 철기시대 주거지,영서
127.782574,37.930166,강원,Charcoal,춘천 천전리,철-1,강원도문화재연구소,2010,22,백제(呂·凸자형),X,강원도문화재연구소 춘천 천전리 철-1,영서
127.783036,37.929972,강원,Charcoal,춘천 천전리,철주-1,강원도문화재연구소,1880,40,백제(呂·凸자형),X,강원도문화재연구소 춘천 천전리 철주-1,영서
127.783036,37.929972,강원,Charcoal,춘천 천전리,철주-2,강원도문화재연구소,1900,40,백제(呂·凸자형),339442,강원도문화재연구소 춘천 천전리 철주-2,영서
127.783036,37.929972,강원,Charcoal,춘천 천전리,철주-3,강원도문화재연구소,1890,40,불명,X,강원도문화재연구소 춘천 천전리 철주-3,영서
127.788634,37.930371,강원,Charcoal,춘천 천전리,청-3,강원도문화재연구소,1960,40,청동기(장방형),453600,강원도문화재연구소 춘천 천전리 청-3,영서
127.781362,37.929612,강원,Charcoal,춘천 천전리,청-9(1),국강고고학연구소,1816,32,불명,X,국강고고학연구소 춘천 천전리 청-9(1),영서
127.781362,37.929612,강원,Charcoal,춘천 천전리,청-9(2),국강고고학연구소,2080,60,불명,X,국강고고학연구소 춘천 천전리 청-9(2),영서
127.781309,37.929088,강원,Charcoal,춘천 천전리,삼-1,국토문화재연구원,1500,30,신라(방형),X,국토문화재연구원 춘천 천전리 삼-1,영서
127.781309,37.929088,강원,Charcoal,춘천 천전리,원-2,국토문화재연구원,1880,40,백제(呂·凸자형),701476,국토문화재연구원 춘천 천전리 원-2,영서
127.783225,37.930157,강원,Wood,춘천 천전리,철-주,한국문화재재단,1895,39,백제(呂·凸자형),1113610,한국문화재재단 춘천 천전리 철-주,영서
127.783425,37.929413,강원,Charcoal,춘천 천전리,철-1,한국문화재재단,1795,36,불명,X,한국문화재재단 춘천 천전리 철-1,영서
127.783225,37.930157,강원,Wood,춘천 천전리,청-4,한국문화재재단,1880,40,청동기(장방형),X,한국문화재재단 춘천 천전리 청-4,영서
127.751408,37.931132,강원,Charcoal,춘천 천전리,3,한림대학교박물관,1915,39,백제(呂·凸자형),X,한림대학교박물관 춘천 천전리 3 ,영서
127.688639,37.889464,강원,Charcoal,춘천 현암리,청-22,예맥문화재연구원,2170,40,청동기(장방형),390000,예맥문화재연구원 춘천 현암리 청-22,영서
127.683173,36.993632,충청,Charcoal,충주 대화리,6-2,중원문화재연구원,1690,30,백제(방형),X,중원문화재연구원 충주 대화리 6-2,호서북부
127.741843,37.054646,충청,Unknown,충주 문성리,1-15,중원문화재연구원,1620,30,백제(방형),180250,중원문화재연구원 충주 문성리 1-15,호서북부
127.741843,37.054646,충청,Unknown,충주 문성리,1-16,중원문화재연구원,1570,40,백제(방형),X,중원문화재연구원 충주 문성리 1-16,호서북부
127.741843,37.054646,충청,Unknown,충주 문성리,1-18,중원문화재연구원,1620,30,백제(방형),X,중원문화재연구원 충주 문성리 1-18,호서북부
127.741843,37.054646,충청,Unknown,충주 문성리,1-2,중원문화재연구원,1510,30,백제(방형),X,중원문화재연구원 충주 문성리 1-2,호서북부
127.741843,37.054646,충청,Unknown,충주 문성리,1-21(1),중원문화재연구원,1540,30,백제(방형),X,중원문화재연구원 충주 문성리 1-21(1),호서북부
127.741843,37.054646,충청,Unknown,충주 문성리,1-21(2),중원문화재연구원,1690,30,백제(방형),X,중원문화재연구원 충주 문성리 1-21(2),호서북부
127.741843,37.054646,충청,Unknown,충주 문성리,1-5,중원문화재연구원,1710,40,백제(방형),125800,중원문화재연구원 충주 문성리 1-5,호서북부
127.741843,37.054646,충청,Unknown,충주 문성리,1-6,중원문화재연구원,1620,30,백제(방형),X,중원문화재연구원 충주 문성리 1-6,호서북부
127.741843,37.054646,충청,Unknown,충주 문성리,1-7,중원문화재연구원,1640,30,백제(방형),X,중원문화재연구원 충주 문성리 1-7,호서북부
127.741843,37.054646,충청,Unknown,충주 문성리,1-8,중원문화재연구원,1540,30,백제(방형),X,중원문화재연구원 충주 문성리 1-8,호서북부
127.897855,37.067854,충청,Charcoal,충주 장태산토성 1-1,3,충청북도문화재연구원,1640,40,불명,X,충청북도문화재연구원 충주 장태산토성 1-1 3,호서북부
127.862786,37.022922,충청,Charcoal,충주 탑평리,1-1(1),중앙문화재연구원,1560,40,백제(呂·凸자형),1083680,중앙문화재연구원 충주 탑평리 1-1,호서북부
127.862786,37.022922,충청,Charcoal,충주 탑평리,1-1(2),중앙문화재연구원,1620,90,백제(呂·凸자형),1083680,중앙문화재연구원 충주 탑평리 1-1,호서북부
127.862786,37.022922,충청,Charcoal,충주 탑평리,1-2,중앙문화재연구원,1630,60,백제(呂·凸자형),899840,중앙문화재연구원 충주 탑평리 1-2,호서북부
127.862786,37.022922,충청,Charcoal,충주 탑평리,1-4,중앙문화재연구원,1410,60,백제(呂·凸자형),X,중앙문화재연구원 충주 탑평리 1-4,호서북부
127.862786,37.022922,충청,Charcoal,충주 탑평리,2-1,중앙문화재연구원,1550,50,백제(呂·凸자형),939004,중앙문화재연구원 충주 탑평리 2-1,호서북부
127.862786,37.022922,충청,Charcoal,충주 탑평리,2-14,중앙문화재연구원,1490,50,백제(방형),371800,중앙문화재연구원 충주 탑평리 2-14,호서북부
127.862786,37.022922,충청,Charcoal,충주 탑평리,2-8,중앙문화재연구원,1610,50,백제(呂·凸자형),1390150,중앙문화재연구원 충주 탑평리 2-8,호서북부
127.86363,37.021486,충청,Charcoal,충주 탑평리,1,국립중원문화재연구소,1683,24,백제(방형),1566600,국립중원문화재연구소 충주 탑평리 1,호서북부
126.775659,37.833299,경기,Charcoal,파주 능산리,백제주거지,기호문화재연구원,1830,60,백제(방형),X,기호문화재연구원 파주 능산리 백제주거지,한강하류
126.712941,37.712371,경기,Charcoal,파주 동패동·목동동,2-나-신라-8,한백문화재연구원,1402,26,신라(방형),X,한백문화재연구원 파주 동패동·목동동 2-나-신라-8,한강하류
126.712941,37.712371,경기,Charcoal,파주 동패동·목동동,6-사-백제-1,한백문화재연구원,1600,30,백제(방형),X,한백문화재연구원 파주 동패동·목동동 6-사-백제-1,한강하류
126.809078,37.867434,경기,Charcoal,파주 선유리,게리오웬-1-1-2주,한국문화유산연구원,1770,40,백제(방형),X,한국문화유산연구원 파주 선유리 게리오웬-1-1-2주,한강하류
126.809078,37.867434,경기,Charcoal,파주 선유리,게리오웬-1-1-5주,한국문화유산연구원,1760,40,백제(방형),X,한국문화유산연구원 파주 선유리 게리오웬-1-1-5주,한강하류
126.809078,37.867434,경기,Charcoal,파주 선유리,게리오웬-1-1-9주,한국문화유산연구원,1780,60,불명,X,한국문화유산연구원 파주 선유리 게리오웬-1-1-9주,한강하류
126.809078,37.867434,경기,Charcoal,파주 선유리,게리오웬-1-2-2주,한국문화유산연구원,1760,50,백제(방형),374540,한국문화유산연구원 파주 선유리 게리오웬-1-2-2주,한강하류
126.809078,37.867434,경기,Charcoal,파주 선유리,게리오웬-1-3-1주,한국문화유산연구원,1840,50,불명,X,한국문화유산연구원 파주 선유리 게리오웬-1-3-1주,한강하류
126.760831,37.726843,경기,Charcoal,파주 운정,1지구-3-2 ,한국선사문화연구원,1700,30,백제(방형),321360,한국선사문화연구원 파주 운정 1지구-3-2 ,한강하류
126.760831,37.726843,경기,Charcoal,파주 운정 와동리,와동리 Ⅲ-14,경기문화재연구원,1710,60,백제(방형),794880,경기문화재연구원 파주 운정 와동리 와동리 Ⅲ-14,한강하류
126.760831,37.726843,경기,Charcoal,파주 운정 와동리,와동리 Ⅲ-15-1,경기문화재연구원,1980,60,백제(방형),X,경기문화재연구원 파주 운정 와동리 와동리 Ⅲ-15-1,한강하류
126.760831,37.726843,경기,Charcoal,파주 운정 와동리,와동리 Ⅲ-15-8,경기문화재연구원,1810,60,백제(방형),X,경기문화재연구원 파주 운정 와동리 와동리 Ⅲ-15-8,한강하류
126.760831,37.726843,경기,Charcoal,파주 운정 와동리,와동리 Ⅳ-20-3 ,경기문화재연구원,1536,33,백제(방형),X,경기문화재연구원 파주 운정 와동리 와동리 Ⅳ-20-3 ,한강하류
126.760831,37.726843,경기,Charcoal,파주 운정 와동리,와동리 Ⅳ-21-12 ,경기문화재연구원,1750,50,불명,X,경기문화재연구원 파주 운정 와동리 와동리 Ⅳ-21-12 ,한강하류
126.760831,37.726843,경기,Charcoal,파주 운정 와동리,와동리 Ⅳ-21-13 ,경기문화재연구원,1810,50,불명,X,경기문화재연구원 파주 운정 와동리 와동리 Ⅳ-21-13 ,한강하류
126.893599,37.989211,경기,Charcoal,파주 주월리,96-7,경기도박물관,1695,45,백제(呂·凸자형),1522500,경기도박물관 파주 주월리 96-7 ,한강하류
128.375016,37.329616,강원,Charcoal,평창 마지리,마지-2,강원고고문화연구원,1980,60,백제(呂·凸자형),2034400,강원고고문화연구원 평창 마지리 마지-2,영서
128.375016,37.329616,강원,Charcoal,평창 마지리,천동-1,강원고고문화연구원,1650,50,백제(呂·凸자형),621600,강원고고문화연구원 평창 마지리 천동-1,영서
128.375016,37.329616,강원,Charcoal,평창 마지리,천동-4,강원고고문화연구원,1730,60,백제(呂·凸자형),675838,강원고고문화연구원 평창 마지리 천동-4,영서
128.421572,37.436098,강원,Charcoal,평창 방림리,철기시대 주거지,강원고고문화연구원,1713,35,백제(呂·凸자형),X,강원고고문화연구원 평창 방림리 철기시대 주거지,영서
128.382917,37.345549,강원,Charcoal,평창 약수리,A-2,강원고고문화연구원,1770,40,백제(呂·凸자형),X,강원고고문화연구원 평창 약수리 A-2,영서
128.387281,37.355477,강원,Charcoal,평창 종부리,Ⅳ-1,강원고고문화연구원,1720,40,백제(呂·凸자형),X,강원고고문화연구원 평창 종부리 Ⅳ-1,영서
128.387281,37.355477,강원,Charcoal,평창 종부리,Ⅳ-2,강원고고문화연구원,1700,40,백제(呂·凸자형),X,강원고고문화연구원 평창 종부리 Ⅳ-2,영서
128.387281,37.355477,강원,Charcoal,평창 종부리,Ⅳ-3,강원고고문화연구원,1660,40,백제(呂·凸자형),X,강원고고문화연구원 평창 종부리 Ⅳ-3,영서
128.403668,37.369631,강원,Charcoal,평창 중리,철기시대-2,강원고고문화연구원,1730,27,불명,X,강원고고문화연구원 평창 중리 철기시대-2,영서
128.403668,37.369631,강원,Charcoal,평창 중리,통일신라-1,강원고고문화연구원,1676,27,신라(방형),X,강원고고문화연구원 평창 중리 통일신라-1,영서
128.403668,37.369631,강원,Charcoal,평창 중리,통일신라-3,강원고고문화연구원,1490,21,신라(방형),X,강원고고문화연구원 평창 중리 통일신라-3,영서
128.374118,37.332932,강원,Charcoal,평창 천동리,철-1,예맥문화재연구원,1767,24,백제(呂·凸자형),X,예맥문화재연구원 평창 천동리 철-1,영서
128.397984,37.390637,강원,Charcoal,평창 후평리,가-11,강원고고문화연구원,1700,30,백제(呂·凸자형),X,강원고고문화연구원 평창 후평리 가-11,영서
128.397984,37.390637,강원,Charcoal,평창 후평리,가-12,강원고고문화연구원,1740,30,백제(呂·凸자형),X,강원고고문화연구원 평창 후평리 가-12,영서
128.397984,37.390637,강원,Charcoal,평창 후평리,가-13,강원고고문화연구원,1810,30,불명,X,강원고고문화연구원 평창 후평리 가-13,영서
128.397984,37.390637,강원,Charcoal,평창 후평리,가-15,강원고고문화연구원,1720,30,백제(呂·凸자형),X,강원고고문화연구원 평창 후평리 가-15,영서
128.397984,37.390637,강원,Charcoal,평창 후평리,가-3,강원고고문화연구원,1740,30,백제(呂·凸자형),X,강원고고문화연구원 평창 후평리 가-3,영서
128.397984,37.390637,강원,Charcoal,평창 후평리,가-4,강원고고문화연구원,1850,30,백제(呂·凸자형),X,강원고고문화연구원 평창 후평리 가-4,영서
128.397984,37.390637,강원,Charcoal,평창 후평리,가-5,강원고고문화연구원,1690,30,백제(呂·凸자형),382452,강원고고문화연구원 평창 후평리 가-5,영서
128.397984,37.390637,강원,Charcoal,평창 후평리,가-6,강원고고문화연구원,1710,30,백제(呂·凸자형),X,강원고고문화연구원 평창 후평리 가-6,영서
128.397984,37.390637,강원,Charcoal,평창 후평리,가-7,강원고고문화연구원,1810,30,백제(呂·凸자형),X,강원고고문화연구원 평창 후평리 가-7,영서
128.397984,37.390637,강원,Charcoal,평창 후평리,가-9,강원고고문화연구원,1810,30,백제(呂·凸자형),X,강원고고문화연구원 평창 후평리 가-9,영서
127.100911,37.058321,경기,Charcoal,평택 도일동,5-삼국-1,전남문화재연구원,1700,30,불명,X,전남문화재연구원 평택 도일동 5-삼국-1,경기남부
127.100911,37.058321,경기,Charcoal,평택 도일동,5-청동-1,전남문화재연구원,1680,30,불명,X,전남문화재연구원 평택 도일동 5-청동-1,경기남부
126.985032,37.032743,경기,Charcoal,평택 백봉리,B-2,기호문화재연구원,1820,60,백제(방형),X,기호문화재연구원 평택 백봉리 B-2,경기남부
127.125785,36.986826,경기,Charcoal,평택 소사동,나-원삼국-1,중앙문화재연구원,1920,30,백제(방형),X,중앙문화재연구원 평택 소사동 나-원삼국-1,경기남부
127.125785,36.986826,경기,Charcoal,평택 소사동,나-원삼국-3,중앙문화재연구원,1840,40,백제(방형),145522,중앙문화재연구원 평택 소사동 나-원삼국-3,경기남부
127.125785,36.986826,경기,Charcoal,평택 소사동,나-원삼국-4,중앙문화재연구원,1910,40,백제(방형),212520,중앙문화재연구원 평택 소사동 나-원삼국-4,경기남부
127.064221,37.018643,경기,Charcoal,평택 지제동,3,마한문화연구원,1800,40,백제(방형),X,마한문화연구원 평택 지제동 3,경기남부
127.239338,37.994458,경기,Charcoal,포천 거사리,C-1,동국문화재연구원,1860,29,백제(呂·凸자형),1069800,동국문화재연구원 포천 거사리 C-1,경기북부
127.249715,37.968672,경기,Charcoal,포천 금주리,1,세종대학교박물관,2020,60,백제(呂·凸자형),304200,세종대학교박물관 포천 금주리 1,경기북부
127.249715,37.968672,경기,Charcoal,포천 금주리,2,세종대학교박물관,2000,60,백제(呂·凸자형),X,세종대학교박물관 포천 금주리 2,경기북부
127.249715,37.968672,경기,Charcoal,포천 금주리,3,세종대학교박물관,2004,36,백제(방형),X,세종대학교박물관 포천 금주리 3 ,경기북부
127.249715,37.968672,경기,Charcoal,포천 금주리,4,세종대학교박물관,1814,26,백제(呂·凸자형),X,세종대학교박물관 포천 금주리 4 ,경기북부
127.278412,37.943238,경기,Charcoal,포천 길명리,집터(1),세종대학교박물관,2030,30,청동기(장방형),1435000,세종대학교박물관 포천 길명리 집터(1),경기북부
127.278412,37.943238,경기,Charcoal,포천 길명리,집터(2),세종대학교박물관,1812,25,백제(방형),1435000,세종대학교박물관 포천 길명리 집터(2),경기북부
127.266563,38.109058,경기,Charcoal,포천 사정리 모래내,11,중앙문화재연구원,1820,40,백제(呂·凸자형),525328,중앙문화재연구원 포천 사정리 모래내 11,경기북부
127.266563,38.109058,경기,Charcoal,포천 사정리 모래내,15,중앙문화재연구원,1730,40,백제(呂·凸자형),X,중앙문화재연구원 포천 사정리 모래내 15,경기북부
127.266563,38.109058,경기,Charcoal,포천 사정리 모래내,18,중앙문화재연구원,1780,40,백제(呂·凸자형),X,중앙문화재연구원 포천 사정리 모래내 18,경기북부
127.266563,38.109058,경기,Charcoal,포천 사정리 모래내,20,중앙문화재연구원,1740,40,백제(呂·凸자형),X,중앙문화재연구원 포천 사정리 모래내 20,경기북부
127.266563,38.109058,경기,Charcoal,포천 사정리 모래내,22,중앙문화재연구원,1880,40,백제(呂·凸자형),X,중앙문화재연구원 포천 사정리 모래내 22,경기북부
127.172105,37.865923,경기,Charcoal,포천 자작리,1,기호문화재연구원,1600,30,백제(呂·凸자형),X,기호문화재연구원 포천 자작리 1 ,경기북부
127.172105,37.865923,경기,Charcoal,포천 자작리,13,기호문화재연구원,1720,30,백제(방형),208824,기호문화재연구원 포천 자작리 13,경기북부
127.172105,37.865923,경기,Charcoal,포천 자작리,14,기호문화재연구원,1750,30,백제(呂·凸자형),263884,기호문화재연구원 포천 자작리 14,경기북부
127.172105,37.865923,경기,Charcoal,포천 자작리,15,기호문화재연구원,1680,30,백제(방형),205869,기호문화재연구원 포천 자작리 15,경기북부
127.172105,37.865923,경기,Charcoal,포천 자작리,17,기호문화재연구원,1750,30,백제(呂·凸자형),X,기호문화재연구원 포천 자작리 17,경기북부
127.172105,37.865923,경기,Charcoal,포천 자작리,22,기호문화재연구원,1710,30,백제(呂·凸자형),X,기호문화재연구원 포천 자작리 22,경기북부
127.172105,37.865923,경기,Charcoal,포천 자작리,24,기호문화재연구원,1670,30,백제(呂·凸자형),X,기호문화재연구원 포천 자작리 24,경기북부
127.172105,37.865923,경기,Charcoal,포천 자작리,5,기호문화재연구원,1640,30,백제(呂·凸자형),X,기호문화재연구원 포천 자작리 5,경기북부
127.172105,37.865923,경기,Charcoal,포천 자작리,6,기호문화재연구원,1660,30,백제(呂·凸자형),X,기호문화재연구원 포천 자작리 6,경기북부
127.172105,37.865923,경기,Charcoal,포천 자작리,9,기호문화재연구원,1720,40,백제(呂·凸자형),223630,기호문화재연구원 포천 자작리 9,경기북부
127.212112,38.084803,경기,Charcoal,포천 중리,2,겨례문화유산연구원,1810,30,백제(呂·凸자형),X,겨례문화유산연구원 포천 중리 2,경기북부
127.212112,38.084803,경기,Charcoal,포천 중리,27,겨례문화유산연구원,1780,30,불명,X,겨례문화유산연구원 포천 중리 27,경기북부
127.212112,38.084803,경기,Charcoal,포천 중리,32,겨례문화유산연구원,1770,30,불명,X,겨례문화유산연구원 포천 중리 32,경기북부
127.212112,38.084803,경기,Charcoal,포천 중리,8,겨례문화유산연구원,1700,30,백제(呂·凸자형),X,겨례문화유산연구원 포천 중리 8,경기북부
127.192812,37.579804,경기,Charcoal,하남 명월동 구산,1,고려문화재연구원,1720,60,백제(방형),X,고려문화재연구원 하남 명월동 구산 1 ,한강중류
127.192812,37.579804,경기,Charcoal,하남 명월동 구산,11,고려문화재연구원,1830,60,백제(방형),108800,고려문화재연구원 하남 명월동 구산 11 ,한강중류
127.192812,37.579804,경기,Charcoal,하남 명월동 구산,12,고려문화재연구원,1750,60,백제(방형),X,고려문화재연구원 하남 명월동 구산 12 ,한강중류
127.192812,37.579804,경기,Charcoal,하남 명월동 구산,4,고려문화재연구원,1750,60,백제(방형),X,고려문화재연구원 하남 명월동 구산 4 ,한강중류
127.192812,37.579804,경기,Charcoal,하남 명월동 구산,5,고려문화재연구원,1630,60,백제(방형),X,고려문화재연구원 하남 명월동 구산 5 ,한강중류
127.192812,37.579804,경기,Charcoal,하남 명월동 구산,8,고려문화재연구원,1700,60,백제(방형),X,고려문화재연구원 하남 명월동 구산 8 ,한강중류
127.192812,37.579804,경기,Charcoal,하남 명월동 구산,9,고려문화재연구원,1730,60,백제(방형),139025,고려문화재연구원 하남 명월동 구산 9 ,한강중류
127.96171,37.762661,강원,Charcoal,홍천 성산리,1,강원도문화재연구소,1700,40,불명,X,강원도문화재연구소 홍천 성산리 1,영서
127.96171,37.762661,강원,Charcoal,홍천 성산리,13,강원도문화재연구소,1810,50,백제(呂·凸자형),X,강원도문화재연구소 홍천 성산리 13 ,영서
127.96171,37.762661,강원,Charcoal,홍천 성산리,14,강원도문화재연구소,1689,32,백제(방형),279380,강원도문화재연구소 홍천 성산리 14 ,영서
127.96171,37.762661,강원,Charcoal,홍천 성산리,19,강원도문화재연구소,1930,50,백제(呂·凸자형),X,강원도문화재연구소 홍천 성산리 19 ,영서
127.96171,37.762661,강원,Charcoal,홍천 성산리,2,강원도문화재연구소,1715,29,백제(呂·凸자형),999760,강원도문화재연구소 홍천 성산리 2,영서
127.96171,37.762661,강원,Charcoal,홍천 성산리,21,강원도문화재연구소,1680,50,불명,X,강원도문화재연구소 홍천 성산리 21 ,영서
127.96171,37.762661,강원,Charcoal,홍천 성산리,24,강원도문화재연구소,1750,50,백제(呂·凸자형),X,강원도문화재연구소 홍천 성산리 24 ,영서
127.96171,37.762661,강원,Charcoal,홍천 성산리,25,강원도문화재연구소,1740,40,불명,X,강원도문화재연구소 홍천 성산리 25 ,영서
127.96171,37.762661,강원,Charcoal,홍천 성산리,26,강원도문화재연구소,1800,40,백제(呂·凸자형),414216,강원도문화재연구소 홍천 성산리 26,영서
127.96171,37.762661,강원,Charcoal,홍천 성산리,27,강원도문화재연구소,1830,40,불명,X,강원도문화재연구소 홍천 성산리 27,영서
127.96171,37.762661,강원,Charcoal,홍천 성산리,28,강원도문화재연구소,1640,40,백제(呂·凸자형),X,강원도문화재연구소 홍천 성산리 28,영서
127.96171,37.762661,강원,Charcoal,홍천 성산리,29,강원도문화재연구소,1650,40,백제(呂·凸자형),659760,강원도문화재연구소 홍천 성산리 29,영서
127.96171,37.762661,강원,Charcoal,홍천 성산리,31,강원도문화재연구소,1600,40,백제(呂·凸자형),X,강원도문화재연구소 홍천 성산리 31,영서
127.96171,37.762661,강원,Charcoal,홍천 성산리,32,강원도문화재연구소,1710,40,불명,X,강원도문화재연구소 홍천 성산리 32,영서
127.96171,37.762661,강원,Charcoal,홍천 성산리,33,강원도문화재연구소,1710,40,백제(呂·凸자형),X,강원도문화재연구소 홍천 성산리 33,영서
127.96171,37.762661,강원,Charcoal,홍천 성산리,35,강원도문화재연구소,1710,40,백제(呂·凸자형),X,강원도문화재연구소 홍천 성산리 35,영서
127.96171,37.762661,강원,Charcoal,홍천 성산리,36,강원도문화재연구소,1730,50,백제(呂·凸자형),X,강원도문화재연구소 홍천 성산리 36 ,영서
127.96171,37.762661,강원,Charcoal,홍천 성산리,38,강원도문화재연구소,1830,40,백제(呂·凸자형),X,강원도문화재연구소 홍천 성산리 38,영서
127.96171,37.762661,강원,Charcoal,홍천 성산리,39,강원도문화재연구소,1610,40,불명,X,강원도문화재연구소 홍천 성산리 39,영서
127.96171,37.762661,강원,Charcoal,홍천 성산리,41,강원도문화재연구소,1840,40,불명,X,강원도문화재연구소 홍천 성산리 41,영서
127.96171,37.762661,강원,Charcoal,홍천 성산리,43,강원도문화재연구소,1710,40,백제(呂·凸자형),320172,강원도문화재연구소 홍천 성산리 43,영서
127.96171,37.762661,강원,Charcoal,홍천 성산리,44,강원도문화재연구소,1880,40,백제(呂·凸자형),X,강원도문화재연구소 홍천 성산리 44,영서
127.96171,37.762661,강원,Charcoal,홍천 성산리,45,강원도문화재연구소,1840,40,백제(呂·凸자형),309180,강원도문화재연구소 홍천 성산리 45,영서
127.96171,37.762661,강원,Charcoal,홍천 성산리,5,강원도문화재연구소,1780,40,백제(呂·凸자형),X,강원도문화재연구소 홍천 성산리 5,영서
127.96171,37.762661,강원,Charcoal,홍천 성산리,7,강원도문화재연구소,1620,40,백제(呂·凸자형),653736,강원도문화재연구소 홍천 성산리 7 ,영서
127.997735,37.812135,강원,Charcoal,홍천 철정리,A-철-3 ,강원도문화재연구소,1840,50,백제(呂·凸자형),343164,강원도문화재연구소 홍천 철정리 A-철-3 ,영서
127.997735,37.812135,강원,Charcoal,홍천 철정리,A-철-4 ,강원도문화재연구소,1865,36,백제(呂·凸자형),452337,강원도문화재연구소 홍천 철정리 A-철-4 ,영서
127.997735,37.812135,강원,Charcoal,홍천 철정리,A-철-5 ,강원도문화재연구소,1815,36,불명,X,강원도문화재연구소 홍천 철정리 A-철-5 ,영서
127.997735,37.812135,강원,Charcoal,홍천 철정리,C-청-3,강원도문화재연구소,2150,60,청동기(방형),310177,강원도문화재연구소 홍천 철정리 C-청-3,영서
127.997735,37.812135,강원,Charcoal,홍천 철정리,C-철-4 ,강원도문화재연구소,2090,50,백제(呂·凸자형),466725,강원도문화재연구소 홍천 철정리 C-철-4 ,영서
127.850603,37.691398,강원,Charcoal,홍천 하화계리,1,강원고고문화연구원,1750,29,백제(呂·凸자형),395875,강원고고문화연구원 홍천 하화계리 1,영서
127.860226,37.683158,강원,Charcoal,홍천 하화계리,10,백두문화재연구원,1740,40,불명,X,백두문화재연구원 홍천 하화계리 10,영서
127.860226,37.683158,강원,Charcoal,홍천 하화계리,12,백두문화재연구원,1896,29,백제(呂·凸자형),X,백두문화재연구원 홍천 하화계리 12,영서
127.860226,37.683158,강원,Charcoal,홍천 하화계리,13,백두문화재연구원,1760,40,백제(呂·凸자형),985372,백두문화재연구원 홍천 하화계리 13,영서
127.860226,37.683158,강원,Charcoal,홍천 하화계리,18,백두문화재연구원,1680,40,백제(呂·凸자형),X,백두문화재연구원 홍천 하화계리 18,영서
127.860226,37.683158,강원,Charcoal,홍천 하화계리,1,백두문화재연구원,1690,29,백제(呂·凸자형),251706,백두문화재연구원 홍천 하화계리 1,영서
127.860226,37.683158,강원,Charcoal,홍천 하화계리,3(1),백두문화재연구원,1860,40,백제(呂·凸자형),303261,백두문화재연구원 홍천 하화계리 3(1),영서
127.860226,37.683158,강원,Charcoal,홍천 하화계리,3(2),백두문화재연구원,1720,40,백제(呂·凸자형),303261,백두문화재연구원 홍천 하화계리 3(2),영서
127.860226,37.683158,강원,"Charcoal, Charred grain",홍천 하화계리,6,백두문화재연구원,1719,25,백제(呂·凸자형),X,백두문화재연구원 홍천 하화계리 6,영서
127.860226,37.683158,강원,Charcoal,홍천 하화계리,7,백두문화재연구원,1690,29,불명,X,백두문화재연구원 홍천 하화계리 7,영서
127.860226,37.683158,강원,Charcoal,홍천 하화계리,8,백두문화재연구원,1786,25,백제(呂·凸자형),X,백두문화재연구원 홍천 하화계리 8,영서
127.091459,37.190436,경기,Charcoal,화성 감배산,A-17 ,경기대학교박물관,1690,40,기타(원형),17424,경기대학교박물관 화성 감배산 A-17 ,경기남부
127.091459,37.190436,경기,Charcoal,화성 감배산,A-19 ,경기대학교박물관,1820,60,백제(방형),X,경기대학교박물관 화성 감배산 A-19 ,경기남부
127.091459,37.190436,경기,Charcoal,화성 감배산,A-3 ,경기대학교박물관,1790,60,백제(방형),X,경기대학교박물관 화성 감배산 A-3 ,경기남부
127.091459,37.190436,경기,Charcoal,화성 감배산,A-39 ,경기대학교박물관,1600,60,백제(방형),X,경기대학교박물관 화성 감배산 A-39 ,경기남부
127.091459,37.190436,경기,Charcoal,화성 감배산,C-2 ,경기대학교박물관,1850,60,백제(방형),X,경기대학교박물관 화성 감배산 C-2 ,경기남부
126.976671,37.230165,경기,Charcoal,화성 고금산,원-2,서울대학교박물관,1899,84,백제(방형),145200,서울대학교박물관 화성 고금산 원-2,경기남부
126.976671,37.230165,경기,Charcoal,화성 고금산,원-3(1),서울대학교박물관,1960,60,백제(방형),197600,서울대학교박물관 화성 고금산 원-3(1),경기남부
126.976671,37.230165,경기,Charcoal,화성 고금산,원-3(2),서울대학교박물관,1770,40,백제(방형),197600,서울대학교박물관 화성 고금산 원-3(2),경기남부
127.076938,37.178637,경기,Charcoal,화성 금곡동,1,서경문화재연구원,1710,30,백제(방형),X,서경문화재연구원 화성 금곡동 1,경기남부
127.07699,37.177221,경기,Charcoal,화성 금곡동,삼국시대 주거지,서경문화재연구원,1920,30,불명,X,서경문화재연구원 화성 금곡동 삼국시대 주거지,경기남부
126.828792,37.202471,경기,Unknown,화성 남양동,Ⅱ-13-2 ,한백문화재연구원,1560,22,백제(방형),X,한백문화재연구원 화성 남양동 Ⅱ-13-2 ,경기남부
126.828792,37.202471,경기,Unknown,화성 남양동,Ⅱ-3-3 ,한백문화재연구원,1735,22,백제(방형),846336,한백문화재연구원 화성 남양동 Ⅱ-3-3 ,경기남부
126.828792,37.202471,경기,Unknown,화성 남양동,Ⅱ-3-5 ,한백문화재연구원,1740,30,백제(방형),X,한백문화재연구원 화성 남양동 Ⅱ-3-5 ,경기남부
126.947274,37.182765,경기,Charcoal,화성 마하리,1,서울대학교박물관,1720,29,백제(방형),X,서울대학교박물관 화성 마하리 1,경기남부
126.947274,37.182765,경기,Charcoal,화성 마하리,2,서울대학교박물관,1800,31,백제(呂·凸자형),X,서울대학교박물관 화성 마하리 2,경기남부
126.948611,37.183757,경기,Charcoal,화성 마하리·관항리,3,기호문화재연구원,1750,30,백제(방형),X,기호문화재연구원 화성 마하리·관항리 3,경기남부
126.948611,37.183757,경기,Charcoal,화성 마하리·관항리,9,기호문화재연구원,1760,30,백제(방형),X,기호문화재연구원 화성 마하리·관항리 9,경기남부
126.903069,37.129636,경기,Charcoal,화성 발안리,1,기전문화재연구원,1810,50,백제(呂·凸자형),259750,기전문화재연구원 화성 발안리 1  ,경기남부
126.903069,37.129636,경기,Charcoal,화성 발안리,12,기전문화재연구원,1950,50,백제(呂·凸자형),304900,기전문화재연구원 화성 발안리 12  ,경기남부
126.903069,37.129636,경기,Charcoal,화성 발안리,19,기전문화재연구원,2080,50,백제(呂·凸자형),X,기전문화재연구원 화성 발안리 19  ,경기남부
126.903069,37.129636,경기,Charcoal,화성 발안리,21,기전문화재연구원,1840,60,백제(呂·凸자형),521500,기전문화재연구원 화성 발안리 21  ,경기남부
126.903069,37.129636,경기,Charcoal,화성 발안리,24,기전문화재연구원,1890,50,백제(방형),283725,기전문화재연구원 화성 발안리 24 ,경기남부
126.903069,37.129636,경기,Charcoal,화성 발안리,27,기전문화재연구원,1850,50,백제(呂·凸자형),500150,기전문화재연구원 화성 발안리 27 ,경기남부
126.903069,37.129636,경기,Charcoal,화성 발안리,28,기전문화재연구원,1970,50,백제(呂·凸자형),256600,기전문화재연구원 화성 발안리 28 ,경기남부
126.903069,37.129636,경기,Charcoal,화성 발안리,3,기전문화재연구원,1590,50,불명,X,기전문화재연구원 화성 발안리 3 ,경기남부
126.903069,37.129636,경기,Charcoal,화성 발안리,30,기전문화재연구원,1780,50,불명,X,기전문화재연구원 화성 발안리 30 ,경기남부
126.903069,37.129636,경기,Charcoal,화성 발안리,38,기전문화재연구원,1780,50,백제(방형),X,기전문화재연구원 화성 발안리 38 ,경기남부
126.903069,37.129636,경기,Charcoal,화성 발안리,43,기전문화재연구원,1560,50,백제(방형),494100,기전문화재연구원 화성 발안리 43 ,경기남부
126.903069,37.129636,경기,Charcoal,화성 발안리,5,기전문화재연구원,1840,60,백제(呂·凸자형),X,기전문화재연구원 화성 발안리 5 ,경기남부
126.903069,37.129636,경기,Charcoal,화성 발안리,51,기전문화재연구원,1800,50,불명,X,기전문화재연구원 화성 발안리 51 ,경기남부
127.07208,37.205312,경기,Charcoal,화성 석우리 먹실,6,경기문화재연구원,1730,36,백제(방형),939300,경기문화재연구원 화성 석우리 먹실 6 ,경기남부
127.07208,37.205312,경기,Charcoal,화성 석우리 먹실,7,경기문화재연구원,1723,23,백제(방형),648508,경기문화재연구원 화성 석우리 먹실 7 ,경기남부
126.952196,37.075479,경기,Charcoal,화성 신왕리,2-1,서경문화재연구원,1700,30,백제(呂·凸자형),X,서경문화재연구원 화성 신왕리 2-1,경기남부
126.946822,37.192675,경기,Charcoal,화성 왕림리 노리재골,1,중부고고학연구소,1620,40,백제(방형),X,중부고고학연구소 화성 왕림리 노리재골 1  ,경기남부
126.966868,37.11245,경기,Charcoal,화성 요리,2,화서문화재연구원,1680,30,백제(방형),X,화서문화재연구원 화성 요리 2,경기남부
126.966868,37.11245,경기,Charcoal,화성 요리,4,화서문화재연구원,1610,30,백제(방형),X,화서문화재연구원 화성 요리 4,경기남부
126.781242,37.079331,경기,Charcoal,화성 운평리,1,청구고고연구원,1730,30,기타(원형),X,청구고고연구원 화성 운평리 1,경기남부
126.893393,37.126708,경기,Unknown,화성 제암리,1,한양문화재연구원,1590,30,백제(방형),730080,한양문화재연구원 화성 제암리 1,경기남부
126.950903,37.24718,경기,Charcoal,화성 천천리,1-삼-1,중부고고학연구소,1977,27,신라(방형),X,중부고고학연구소 화성 천천리 1-삼-1,경기남부
127.098028,37.19868,경기,Unknown,화성 청계리,마-A-26 ,한백문화재연구원,1590,30,백제(방형),X,한백문화재연구원 화성 청계리 마-A-26 ,경기남부
127.098028,37.19868,경기,Unknown,화성 청계리,마-A-28,한백문화재연구원,1650,30,백제(방형),X,한백문화재연구원 화성 청계리 마-A-28,경기남부
127.098028,37.19868,경기,Unknown,화성 청계리,마-A-36,한백문화재연구원,1630,30,백제(방형),X,한백문화재연구원 화성 청계리 마-A-36,경기남부
127.098028,37.19868,경기,Unknown,화성 청계리,마-A-4,한백문화재연구원,1730,40,백제(방형),X,한백문화재연구원 화성 청계리 마-A-4,경기남부
127.098028,37.19868,경기,Unknown,화성 청계리,마-A-63  ,한백문화재연구원,1700,30,백제(방형),X,한백문화재연구원 화성 청계리 마-A-63  ,경기남부
127.687879,38.074793,강원,Charcoal,화천 거례리,1-3-청-10,강원고고문화연구원,1730,40,청동기(방형),152712,강원고고문화연구원 화천 거례리 1-3-청-10,영서
127.687879,38.074793,강원,Charcoal,화천 거례리,1-3-청-12,강원고고문화연구원,1930,40,청동기(방형),195800,강원고고문화연구원 화천 거례리 1-3-청-12,영서
127.693333,38.079166,강원,Charcoal,화천 거례리,1-4-청-10,한백문화재연구원,2180,40,청동기(장방형),342000,한백문화재연구원 화천 거례리 1-4-청-10,영서
127.693333,38.079166,강원,Charcoal,화천 거례리,1-4-청-59,한백문화재연구원,2200,40,청동기(장방형),227960,한백문화재연구원 화천 거례리 1-4-청-59,영서
127.693333,38.079166,강원,Charcoal,화천 거례리,1-4-청-64,한백문화재연구원,2080,40,청동기(장방형),153360,한백문화재연구원 화천 거례리 1-4-청-64,영서
127.681392,38.062789,강원,Charcoal,화천 원천리,109,예맥문화재연구원,1690,20,백제(呂·凸자형),710000,예맥문화재연구원 화천 원천리 109,영서
127.681392,38.062789,강원,Charcoal,화천 원천리,21,예맥문화재연구원,1725,20,백제(呂·凸자형),X,예맥문화재연구원 화천 원천리 21,영서
127.681392,38.062789,강원,Charcoal,화천 원천리,22,예맥문화재연구원,1650,20,백제(呂·凸자형),309420,예맥문화재연구원 화천 원천리 22,영서
127.681392,38.062789,강원,Charcoal,화천 원천리,23,예맥문화재연구원,1805,20,백제(呂·凸자형),X,예맥문화재연구원 화천 원천리 23,영서
127.681392,38.062789,강원,Charcoal,화천 원천리,24,예맥문화재연구원,1685,20,백제(呂·凸자형),461340,예맥문화재연구원 화천 원천리 24,영서
127.681392,38.062789,강원,Charcoal,화천 원천리,29,예맥문화재연구원,1680,20,백제(呂·凸자형),473448,예맥문화재연구원 화천 원천리 29,영서
127.681392,38.062789,강원,Charcoal,화천 원천리,30,예맥문화재연구원,1705,20,백제(呂·凸자형),357010,예맥문화재연구원 화천 원천리 30,영서
127.681392,38.062789,강원,Charcoal,화천 원천리,33,예맥문화재연구원,1685,20,백제(呂·凸자형),893800,예맥문화재연구원 화천 원천리 33,영서
127.681392,38.062789,강원,Charcoal,화천 원천리,34,예맥문화재연구원,1710,20,백제(呂·凸자형),272800,예맥문화재연구원 화천 원천리 34,영서
127.681392,38.062789,강원,Charcoal,화천 원천리,37,예맥문화재연구원,1715,20,백제(呂·凸자형),X,예맥문화재연구원 화천 원천리 37,영서
127.681392,38.062789,강원,Charcoal,화천 원천리,39,예맥문화재연구원,1750,20,백제(呂·凸자형),X,예맥문화재연구원 화천 원천리 39,영서
127.681392,38.062789,강원,Charcoal,화천 원천리,53,예맥문화재연구원,1710,20,백제(呂·凸자형),369160,예맥문화재연구원 화천 원천리 53,영서
127.681392,38.062789,강원,Charcoal,화천 원천리,65,예맥문화재연구원,1700,20,백제(呂·凸자형),899450,예맥문화재연구원 화천 원천리 65,영서
127.681392,38.062789,강원,Charcoal,화천 원천리,69,예맥문화재연구원,1690,20,백제(呂·凸자형),X,예맥문화재연구원 화천 원천리 69,영서
127.681392,38.062789,강원,Charcoal,화천 원천리,72,예맥문화재연구원,1685,20,백제(呂·凸자형),847690,예맥문화재연구원 화천 원천리 72,영서
127.681392,38.062789,강원,Charcoal,화천 원천리,78,예맥문화재연구원,1700,20,백제(呂·凸자형),X,예맥문화재연구원 화천 원천리 78,영서
127.713418,38.097924,강원,Charcoal,화천 위라리,철-1,강원고고문화연구원,2031,25,백제(呂·凸자형),234850,강원고고문화연구원 화천 위라리 철-1,영서
127.713418,38.097924,강원,Charcoal,화천 위라리,철-2,강원고고문화연구원,1971,30,백제(呂·凸자형),208740,강원고고문화연구원 화천 위라리 철-2,영서
127.713418,38.097924,강원,Charcoal,화천 위라리,철-3,강원고고문화연구원,1987,27,백제(呂·凸자형),469650,강원고고문화연구원 화천 위라리 철-3,영서
127.713418,38.097924,강원,Charcoal,화천 위라리,철-4,강원고고문화연구원,1940,24,백제(呂·凸자형),X,강원고고문화연구원 화천 위라리 철-4,영서
128.213845,37.511937,강원,Charcoal,횡성 둔내,1,강원도문화재연구소,1722,14,백제(呂·凸자형),899240,강원도문화재연구소 횡성 둔내 1,영서
127.973508,37.486275,강원,Charcoal,횡성 읍하리,삼-1,예맥문화재연구원,1603,26,백제(呂·凸자형),X,예맥문화재연구원 횡성 읍하리 삼-1,영서
127.973508,37.486275,강원,Charcoal,횡성 읍하리,삼-3,예맥문화재연구원,1679,26,백제(呂·凸자형),X,예맥문화재연구원 횡성 읍하리 삼-3,영서
127.962071,37.537727,강원,Charcoal,횡성 학담리,1,한림대학교박물관,2150,50,백제(呂·凸자형),X,한림대학교박물관 횡성 학담리 1,영서
127.962071,37.537727,강원,Charcoal,횡성 학담리,2,한림대학교박물관,1870,50,백제(呂·凸자형),X,한림대학교박물관 횡성 학담리 2,영서
