X,Y,Region,material,Site,Feature Number,Excavation istitute,BP,Error,Type,Combine,시대,Name
N/A,N/A,경기,N/A,남양주 덕송리,7,,1090,40,신라,No,삼국,남양주 덕송리 7
N/A,N/A,강원,N/A,춘천 송암동,청-2,,1120,20,,,청동기,춘천 송암동 청-2
N/A,N/A,경기,N/A,용인 영덕동,1-1-7,,1140,50,신라,No,삼국,용인 영덕동 1-1-7
N/A,N/A,경기,N/A,남양주 덕송리,8,,1150,40,신라,No,삼국,남양주 덕송리 8
127.537310E,37.421297N,경기,Charcoal,양평 상자포리,5,Hanyang Institute of Cultural Heritage,1154,22,신라,No,삼국,양평 상자포리 5
N/A,N/A,경기,N/A,용인 어비리,Ⅱ-2-3,,1160,40,신라,No,삼국,용인 어비리 Ⅱ-2-3
N/A,N/A,경기,N/A,용인 영덕동,1-1-1,,1180,50,신라,No,삼국,용인 영덕동 1-1-1
N/A,N/A,경기,N/A,김포 마송,4-1,,1185,25,신라,No,삼국,김포 마송 4-1
N/A,N/A,경기,N/A,남양주 덕송리,6,,1200,40,신라,No,삼국,남양주 덕송리 6
N/A,N/A,경기,N/A,김포 마송,4-12,,1210,20,신라,No,삼국,김포 마송 4-12
N/A,N/A,경기,N/A,용인 어비리,Ⅱ-2-1,,1230,40,신라,No,삼국,용인 어비리 Ⅱ-2-1
128.168599E,37.148507N,충청,Charcoal,제천 왕암동,4-3,Jungwon Cultural Properties Institute,1240,40,중도,,원삼국-백제 한성기,제천 왕암동 4-3
N/A,N/A,경기,N/A,남양주 덕송리,2,,1260,40,신라,No,삼국,남양주 덕송리 2
N/A,N/A,경기,N/A,김포 마송,3-2,,1293,15,신라,No,삼국,김포 마송 3-2
127.537310E,37.421297N,경기,Charcoal,양평 상자포리,4,Hanyang Institute of Cultural Heritage,1376,22,신라,No,삼국,양평 상자포리 4
N/A,N/A,경기,N/A,남양주 덕송리,1,,1400,40,신라,No,삼국,남양주 덕송리 1
127.862786E,37.022922N,충청,Charcoal,충주 탑평리 (중앙),1-4,Central Institute of Cultural Heritage,1410,60,마한,,원삼국-백제 한성기,충주 탑평리 (중앙) 1-4
127.097152E,37.304083N,경기,Charcoal,용인 보정리 소실,7 ,Gyounggi Cultural Property Research Institute,1420,80,마한,,원삼국-백제 한성기,용인 보정리 소실 7 
127.672158E,37.289407N,경기,Charcoal,여주 연양리,3-10 ,Central Institute of Cultural Heritage,1445,36,중도,,원삼국-백제 한성기,여주 연양리 3-10 
127.537310E,37.421297N,경기,Charcoal,양평 상자포리,2,Hanyang Institute of Cultural Heritage,1448,31,신라,No,삼국,양평 상자포리 2
N/A,N/A,경기,N/A,용인 마북동,70,,1450,50,신라,No,삼국,용인 마북동 70
126.813526E,37.473065N,경기,Charcoal,부천 범박동,4-2-4,Hanul Reseasrch Institute of CUlturla Heritage,1460,50,마한,,원삼국-백제 한성기,부천 범박동 4-2-4
127.125865E,37.648547N,경기,N/A,남양주 별내,7-3-12 ,Hanbaek Cultural Property Research Institute,1460,40,,,원삼국-백제 한성기,남양주 별내 7-3-12 
127.862786E,37.022922N,충청,Charcoal,충주 탑평리 (중앙),2-14,Central Institute of Cultural Heritage,1490,50,마한,,원삼국-백제 한성기,충주 탑평리 (중앙) 2-14
128.403668E,37.369631N,강원,Charcoal,평창 중리,통-3,Gangwon Research Institute of Archaeological and Cultural Properties,1490,21,신라,No,삼국,평창 중리 통-3
127.672158E,37.289407N,경기,Charcoal,여주 연양리,3-7 ,Central Institute of Cultural Heritage,1497,29,중도,,원삼국-백제 한성기,여주 연양리 3-7 
127.741843E,37.054646N,충청,N/A,충주 문성리,1-2,Jungwon Cultural Properties Institute,1510,30,마한,,원삼국-백제 한성기,충주 문성리 1-2
127.125865E,37.648547N,경기,N/A,남양주 별내,7-3-1 ,Hanbaek Cultural Property Research Institute,1510,40,,,원삼국-백제 한성기,남양주 별내 7-3-1 
127.146454E,37.466592N,경기,Charcoal,성남 창곡동,바-1,Central Institute of Cultural Heritage,1515,29 ,마한,,원삼국-백제 한성기,성남 창곡동 바-1
127.535261E,37.424531N,경기,Charcoal,양평 하자포리,2,Korea Institute of Heritage,1521,24,중도,No,원삼국-백제 한성기,양평 하자포리 2
127.018379E,38.109908N,경기,Charcoal,연천 강내리,15 ,Korea Institute of Heritage,1530,40,중도,,원삼국-백제 한성기,연천 강내리 15 
126.760831E,37.726843N,경기,Charcoal,파주 운정,Wadong Ⅳ-20-3 ,Gyounggi Cultural Property Research Institute,1536,33,마한,,원삼국-백제 한성기,파주 운정 Wadong Ⅳ-20-3 
127.741843E,37.054646N,충청,N/A,충주 문성리,1-21,Jungwon Cultural Properties Institute,1540,30,마한,,원삼국-백제 한성기,충주 문성리 1-21
127.741843E,37.054646N,충청,N/A,충주 문성리,1-8,Jungwon Cultural Properties Institute,1540,30,마한,,원삼국-백제 한성기,충주 문성리 1-8
126.5642E,37.496274N,경기,Charcoal,인천 중산동,23-1 ,Hangang Cultural Property Research Institute,1550,40,마한,,원삼국-백제 한성기,인천 중산동 23-1 
127.862786E,37.022922N,충청,Charcoal,충주 탑평리 (중앙),2-1,Central Institute of Cultural Heritage,1550,50,마한,,원삼국-백제 한성기,충주 탑평리 (중앙) 2-1
127.542280E,37.201095N,경기,Charcoal,여주 태평리,2,Jeonnam Cultural Property Research Center,1550,30,마한,No,원삼국-백제 한성기,여주 태평리 2
127.542280E,37.201095N,경기,Charcoal,여주 태평리,7,Jeonnam Cultural Property Research Center,1551,22,마한,Yes,원삼국-백제 한성기,여주 태평리 7
126.903069E,37.129636N,경기,Charcoal,화성 발안리,43 ,Gijeon Cultural Property Research Institute,1560,50,마한,,원삼국-백제 한성기,화성 발안리 43 
126.828792E,37.202471N,경기,N/A,화성 남양동Ⅱ,13-2 ,Hanbaek Cultural Property Research Institute,1560,22 ,마한,,원삼국-백제 한성기,화성 남양동Ⅱ 13-2 
127.862786E,37.022922N,충청,Charcoal,충주 탑평리 (중앙),1-1,Central Institute of Cultural Heritage,1560,40,마한,,원삼국-백제 한성기,충주 탑평리 (중앙) 1-1
127.902813E,37.129878N,경기,Charcoal,화성 발안리,43,Gijeon Cultural Property Research Institute,1560,50,중도,No,원삼국-백제 한성기,화성 발안리 43
N/A,N/A,강원,N/A,화천 용암리 (강원),88,,1560,50,,,청동기,화천 용암리 (강원) 88
128.492648E,37.14987N,강원,Charcoal,영월 팔괴리,Silla pit house,Gangwon Cultural Property Research Institute,1570,60,중도,,원삼국-백제 한성기,영월 팔괴리 Silla pit house
127.107251E,37.294935N,경기,Charcoal,용인 마북동,4 ,Gyounggi Cultural Property Research Institute,1570,50,마한,,원삼국-백제 한성기,용인 마북동 4 
127.741843E,37.054646N,충청,N/A,충주 문성리,1-16,Jungwon Cultural Properties Institute,1570,40,마한,,원삼국-백제 한성기,충주 문성리 1-16
,,강원,,정선 아우라지,7,Gangwon Institute of Cultural Heritage,1570,30,신라,No,삼국,정선 아우라지 7
,,강원,,정선 아우라지,12,Gangwon Institute of Cultural Heritage,1570,30,신라,No,삼국,정선 아우라지 12
,,강원,,정선 아우라지,9,Gangwon Institute of Cultural Heritage,1580,30,신라,No,삼국,정선 아우라지 9
126.813526E,37.473065N,경기,Charcoal,부천 범박동,4-2-3,Hanul Reseasrch Institute of CUlturla Heritage,1580,36,마한,,원삼국-백제 한성기,부천 범박동 4-2-3
127.06666E,37.170768N,경기,Charred seed,오산 내삼미동,16 ,Gyounggi Cultural Property Research Institute,1585,20,마한,,원삼국-백제 한성기,오산 내삼미동 16 
127.536201E,37.422809N,경기,Charcoal,양평 하자포리,삼-주-1,Korea Cultural Heritage Foundation,1585,27,마한,No,원삼국-백제 한성기,양평 하자포리 삼-주-1
127.098028E,37.19868N,경기,N/A,화성 청계리,마-A-26 ,Hanbaek Cultural Property Research Institute,1590,30 ,마한,,원삼국-백제 한성기,화성 청계리 마-A-26 
126.971097E,37.409198N,경기,Charcoal,안양 관양동,4-4-2 ,Korea Institute of Heritage,1590,50,중도,,원삼국-백제 한성기,안양 관양동 4-4-2 
127.06666E,37.170768N,경기,Charcoal,오산 내삼미동,14 ,Gyounggi Cultural Property Research Institute,1590,20,마한,,원삼국-백제 한성기,오산 내삼미동 14 
126.903069E,37.129636N,경기,Charcoal,화성 발안리,3 ,Gijeon Cultural Property Research Institute,1590,50,마한,,원삼국-백제 한성기,화성 발안리 3 
127.902813E,37.129878N,경기,Charcoal,화성 발안리,3,Gijeon Cultural Property Research Institute,1590,50,중도,No,원삼국-백제 한성기,화성 발안리 3
127.96171E,37.762661N,강원,Charcoal,홍천 성산리,31,Gangwon Cultural Property Research Institute,1600,40,중도,,원삼국-백제 한성기,홍천 성산리 31
127.194032E,37.72955N,경기,Charcoal,남양주 장현,80,Central Institute of Cultural Heritage,1600,50,마한,,원삼국-백제 한성기,남양주 장현 80
127.172105E,37.865923N,경기,Charcoal,포천 자작리,1 ,Giho Cultural Heritage Research Center,1600,30 ,중도,,원삼국-백제 한성기,포천 자작리 1 
127.091459E,37.190436N,경기,Charcoal,화성 감배산,A-39 ,Museum of Gyounggi University,1600,60,마한,,원삼국-백제 한성기,화성 감배산 A-39 
127.364665E,37.795516N,경기,Charcoal,가평 항사리,가-10,Korea Institute of Heritage,1600,60 ,중도,,원삼국-백제 한성기,가평 항사리 가-10
127.364665E,37.795516N,경기,Charcoal,가평 항사리,가-4,Korea Institute of Heritage,1600,60 ,중도,,원삼국-백제 한성기,가평 항사리 가-4
126.971097E,37.409198N,경기,Charcoal,안양 관양동,4-4-4 ,Korea Institute of Heritage,1600,43,중도,,원삼국-백제 한성기,안양 관양동 4-4-4 
127.973508E,37.486275N,강원,Charcoal,횡성 읍하리,삼-1,Yemaek Cultural Property Research Institute,1603,26,중도,No,원삼국-백제 한성기,횡성 읍하리 삼-1
127.06666E,37.170768N,경기,Charred seed,오산 내삼미동,19 ,Gyounggi Cultural Property Research Institute,1605,20,마한,,원삼국-백제 한성기,오산 내삼미동 19 
127.96171E,37.762661N,강원,Charcoal,홍천 성산리,39,Gangwon Cultural Property Research Institute,1610,40,중도,,원삼국-백제 한성기,홍천 성산리 39
127.018379E,38.109908N,경기,Charcoal,연천 강내리,26 ,Korea Institute of Heritage,1610,40,중도,,원삼국-백제 한성기,연천 강내리 26 
127.018379E,38.109908N,경기,Charcoal,연천 강내리,7 ,Korea Institute of Heritage,1610,50,중도,,원삼국-백제 한성기,연천 강내리 7 
127.862786E,37.022922N,충청,Charcoal,충주 탑평리 (중앙),2-8,Central Institute of Cultural Heritage,1610,50,마한,,원삼국-백제 한성기,충주 탑평리 (중앙) 2-8
,,강원,,정선 아우라지,6,Gangwon Institute of Cultural Heritage,1610,30,신라,No,삼국,정선 아우라지 6
127.96171E,37.762661N,강원,Charcoal,홍천 성산리,7 ,Gangwon Cultural Property Research Institute,1620,40,중도,,원삼국-백제 한성기,홍천 성산리 7 
126.946822E,37.192675N,경기,N/A,화성 왕림리 노리재골,1  ,Jungbu Institute for Archaeology,1620,40,마한,,원삼국-백제 한성기,화성 왕림리 노리재골 1  
127.364665E,37.795516N,경기,Charcoal,가평 항사리,가-2,Korea Institute of Heritage,1620,60 ,중도,,원삼국-백제 한성기,가평 항사리 가-2
127.364665E,37.795516N,경기,Charcoal,가평 항사리,가-9,Korea Institute of Heritage,1620,60 ,중도,,원삼국-백제 한성기,가평 항사리 가-9
127.741843E,37.054646N,충청,N/A,충주 문성리,1-15,Jungwon Cultural Properties Institute,1620,30,마한,,원삼국-백제 한성기,충주 문성리 1-15
127.741843E,37.054646N,충청,N/A,충주 문성리,1-18,Jungwon Cultural Properties Institute,1620,30,마한,,원삼국-백제 한성기,충주 문성리 1-18
127.741843E,37.054646N,충청,N/A,충주 문성리,1-6,Jungwon Cultural Properties Institute,1620,30,마한,,원삼국-백제 한성기,충주 문성리 1-6
127.862786E,37.022922N,충청,Charcoal,충주 탑평리 (중앙),1-1,Central Institute of Cultural Heritage,1620,90,마한,,원삼국-백제 한성기,충주 탑평리 (중앙) 1-1
127.432718E,37.093609N,경기,Charcoal,안성 매산리,5,Ginam Cultural Heritage Research Center,1620,30,마한,No,원삼국-백제 한성기,안성 매산리 5
127.098028E,37.19868N,경기,N/A,화성 청계리,마-A-36,Hanbaek Cultural Property Research Institute,1630,30 ,마한,,원삼국-백제 한성기,화성 청계리 마-A-36
127.243675E,37.39228N,경기,Charcoal,광주 장지동,19 ,Gyounggi Cultural Property Research Institute,1630,19,중도,,원삼국-백제 한성기,광주 장지동 19 
127.192812E,37.579804N,경기,Charcoal,하남 명월동 구산,5 ,Korea Institute of Heritage,1630,60,마한,,원삼국-백제 한성기,하남 명월동 구산 5 
127.862786E,37.022922N,충청,Charcoal,충주 탑평리 (중앙),1-2,Central Institute of Cultural Heritage,1630,60,마한,,원삼국-백제 한성기,충주 탑평리 (중앙) 1-2
N/A,N/A,강원,N/A,양구 고대리,청-13,,1630,40,,,청동기,양구 고대리 청-13
126.971097E,37.409198N,경기,Charcoal,안양 관양동,4-4-5,Korea Institute of Heritage,1638,39,중도,,원삼국-백제 한성기,안양 관양동 4-4-5
127.721289E,37.891914N,강원,Charcoal,춘천 근화동,12,Gangwon Archaeological Culture Research Institute,1640,60,중도,,원삼국-백제 한성기,춘천 근화동 12
127.96171E,37.762661N,강원,Charcoal,홍천 성산리,28,Gangwon Cultural Property Research Institute,1640,40,중도,,원삼국-백제 한성기,홍천 성산리 28
127.06666E,37.170768N,경기,Charcoal,오산 내삼미동,25 ,Gyounggi Cultural Property Research Institute,1640,20,마한,,원삼국-백제 한성기,오산 내삼미동 25 
127.107251E,37.294935N,경기,Charcoal,용인 마북동,48 ,Gyounggi Cultural Property Research Institute,1640,50,마한,,원삼국-백제 한성기,용인 마북동 48 
127.172105E,37.865923N,경기,Charcoal,포천 자작리,5,Giho Cultural Heritage Research Center,1640,30 ,중도,,원삼국-백제 한성기,포천 자작리 5
127.897855E,37.067854N,충청,Charcoal,충주 장태산토성 1-1,3,Chungbuk Research Insitute of Cultural Heritage,1640,40,중도,,원삼국-백제 한성기,충주 장태산토성 1-1 3
127.741843E,37.054646N,충청,N/A,충주 문성리,1-7,Jungwon Cultural Properties Institute,1640,30,마한,,원삼국-백제 한성기,충주 문성리 1-7
,,강원,,정선 아우라지,5,Gangwon Institute of Cultural Heritage,1640,30,신라,No,삼국,정선 아우라지 5
127.018379E,38.109908N,경기,Charcoal,연천 강내리,17 ,Korea Institute of Heritage,1645,29,중도,,원삼국-백제 한성기,연천 강내리 17 
127.115987E,37.53396N,경기,Charcoal,서울 풍납토성,나-6,National Research Institute of Cultural Heritage,1647,32,중도,,원삼국-백제 한성기,서울 풍납토성 나-6
127.098028E,37.19868N,경기,N/A,화성 청계리,마-A-28,Hanbaek Cultural Property Research Institute,1650,30 ,마한,,원삼국-백제 한성기,화성 청계리 마-A-28
128.375016E,37.329616N,강원,Charcoal,춘천 천동리∙마지리,Cheondong-1,Gangwon Archaeological Culture Research Institute,1650,50,중도,,원삼국-백제 한성기,춘천 천동리∙마지리 Cheondong-1
127.96171E,37.762661N,강원,Charcoal,홍천 성산리,29,Gangwon Cultural Property Research Institute,1650,40,중도,,원삼국-백제 한성기,홍천 성산리 29
127.681392E,38.062789N,강원,Charcoal,화천 원천리,22,Yemaek Cultural Property Research Institute,1650,20,중도,,원삼국-백제 한성기,화천 원천리 22
127.194032E,37.72955N,경기,Charcoal,남양주 장현,73,Central Institute of Cultural Heritage,1650,50,마한,,원삼국-백제 한성기,남양주 장현 73
127.532986E,37.430455N,경기,Charcoal,양평 하자포리,2,Hansung Cultural Heritage Institute,1650,30,중도,No,원삼국-백제 한성기,양평 하자포리 2
127.018379E,38.109908N,경기,Charcoal,연천 강내리,45 ,Korea Institute of Heritage,1653,32,중도,,원삼국-백제 한성기,연천 강내리 45 
128.387281E,37.355477N,강원,Charcoal,평창 종부리,Ⅳ-3,Gangwon Archaeological Culture Research Institute,1660,40,중도,,원삼국-백제 한성기,평창 종부리 Ⅳ-3
126.971097E,37.409198N,경기,Charcoal,안양 관양동,4-4-1 ,Korea Institute of Heritage,1660,50,중도,,원삼국-백제 한성기,안양 관양동 4-4-1 
127.172105E,37.865923N,경기,Charcoal,포천 자작리,6,Giho Cultural Heritage Research Center,1660,30 ,중도,,원삼국-백제 한성기,포천 자작리 6
127.542280E,37.201095N,경기,Charcoal,여주 태평리,1,Jeonnam Cultural Property Research Center,1660,40,마한,No,원삼국-백제 한성기,여주 태평리 1
127.2135911E,37.2412159N,경기,Charcoal,용인 고림동,B-6,Hanshin University Museum,1665,29,중도,Yes,원삼국-백제 한성기,용인 고림동 B-6
127.535261E,37.424531N,경기,Charcoal,양평 하자포리,4,Korea Institute of Heritage,1666,21,중도,No,원삼국-백제 한성기,양평 하자포리 4
127.743126E,37.913389N,강원,Charcoal,춘천 우두동,Udu Ⅱ-3,Gangwon Cultural Property Research Institute,1670,40,중도,,원삼국-백제 한성기,춘천 우두동 Udu Ⅱ-3
126.635093E,37.645535N,경기,Charcoal,김포 양촌,2-4(가)-11 ,Korea Institute of Heritage,1670,50,마한,,원삼국-백제 한성기,김포 양촌 2-4(가)-11 
126.635093E,37.645535N,경기,Charcoal,김포 양촌,2-4(가)-13 ,Korea Institute of Heritage,1670,60,마한,,원삼국-백제 한성기,김포 양촌 2-4(가)-13 
127.194032E,37.72955N,경기,Charcoal,남양주 장현,75,Central Institute of Cultural Heritage,1670,50,마한,,원삼국-백제 한성기,남양주 장현 75
127.172105E,37.865923N,경기,Charcoal,포천 자작리,24,Giho Cultural Heritage Research Center,1670,30 ,중도,,원삼국-백제 한성기,포천 자작리 24
127.432718E,37.093609N,경기,Charcoal,안성 매산리,2,Ginam Cultural Heritage Research Center,1670,30,마한,No,원삼국-백제 한성기,안성 매산리 2
127.532986E,37.430455N,경기,Charcoal,양평 하자포리,3,Hansung Cultural Heritage Institute,1670,30,중도,No,원삼국-백제 한성기,양평 하자포리 3
127.402135E,37.494394N,경기,Charcoal,양평 운심리,1,Korea Cultural Heritage Foundation,1670,28,중도,No,원삼국-백제 한성기,양평 운심리 1
128.403668E,37.369631N,강원,Charcoal,평창 중리,통-1,Gangwon Research Institute of Archaeological and Cultural Properties,1676,27,신라,No,삼국,평창 중리 통-1
127.535912E,37.423334N,경기,Charcoal,양평 하자포리,7,Gyeonggi Ceramic Museum,1677,22,중도,Yes,원삼국-백제 한성기,양평 하자포리 7
127.973508E,37.486275N,강원,Charcoal,횡성 읍하리,삼-3,Yemaek Cultural Property Research Institute,1679,26,중도,No,원삼국-백제 한성기,횡성 읍하리 삼-3
127.96171E,37.762661N,강원,Charcoal,홍천 성산리,21 ,Gangwon Cultural Property Research Institute,1680,50,중도,,원삼국-백제 한성기,홍천 성산리 21 
127.681392E,38.062789N,강원,Charcoal,화천 원천리,29,Yemaek Cultural Property Research Institute,1680,20,중도,,원삼국-백제 한성기,화천 원천리 29
127.194032E,37.72955N,경기,Charcoal,남양주 장현,59,Central Institute of Cultural Heritage,1680,50,마한,,원삼국-백제 한성기,남양주 장현 59
127.172105E,37.865923N,경기,Charcoal,포천 자작리,15,Giho Cultural Heritage Research Center,1680,30 ,중도,,원삼국-백제 한성기,포천 자작리 15
127.125865E,37.648547N,경기,N/A,남양주 별내,7-3-2 ,Hanbaek Cultural Property Research Institute,1680,50,,,원삼국-백제 한성기,남양주 별내 7-3-2 
127.722827E,37.478914N,강원,Charcoal,정선 여량리,1,Gangwon Institute of Cultural Heritage,1680,30,중도,No,원삼국-백제 한성기,정선 여량리 1
127.2135911E,37.2412159N,경기,Charcoal,용인 고림동,B-1,Hanshin University Museum,1680,40,중도,No,원삼국-백제 한성기,용인 고림동 B-1
127.86363E,37.021486N,충청,Charcoal,충주 탑평리 (중원),1,Jungwon Cultural Properties Institute,1683,24,마한,,원삼국-백제 한성기,충주 탑평리 (중원) 1
127.117257E,37.400068N,경기,Charcoal,성남 동판교,21-2-1 ,Korea Institute of Heritage,1683,26,마한,,원삼국-백제 한성기,성남 동판교 21-2-1 
127.681392E,38.062789N,강원,Charcoal,화천 원천리,24,Yemaek Cultural Property Research Institute,1685,20,중도,,원삼국-백제 한성기,화천 원천리 24
127.681392E,38.062789N,강원,Charcoal,화천 원천리,33,Yemaek Cultural Property Research Institute,1685,20,중도,,원삼국-백제 한성기,화천 원천리 33
127.681392E,38.062789N,강원,Charcoal,화천 원천리,72,Yemaek Cultural Property Research Institute,1685,20,중도,,원삼국-백제 한성기,화천 원천리 72
127.243675E,37.39228N,경기,Charcoal,광주 장지동,10 ,Gyounggi Cultural Property Research Institute,1685,20,중도,,원삼국-백제 한성기,광주 장지동 10 
127.115987E,37.53396N,경기,Charcoal,서울 풍납토성,가-3  ,National Research Institute of Cultural Heritage,1686,39,중도,,원삼국-백제 한성기,서울 풍납토성 가-3  
127.061440E,37.779078N,경기,Charcoal,양주 마전동,5,Hansung Cultural Heritage Institute,1688,2,중도,No,원삼국-백제 한성기,양주 마전동 5
127.96171E,37.762661N,강원,Charcoal,홍천 성산리,14 ,Gangwon Cultural Property Research Institute,1689,32,중도,,원삼국-백제 한성기,홍천 성산리 14 
128.265477E,37.270642N,강원,Charcoal,영월 주천리 술샘,8 ,Gangwon Archaeological Culture Research Institute,1690,50,중도,,원삼국-백제 한성기,영월 주천리 술샘 8 
128.638004E,37.209188N,강원,Charcoal,정선 예미리,10,Gangwon Cultural Property Research Institute,1690,50,중도,,원삼국-백제 한성기,정선 예미리 10
127.701081E,37.885079N,강원,Charcoal,춘천 중도동,C-6,Gangwon Archaeological Culture Research Institute,1690,40,중도,,원삼국-백제 한성기,춘천 중도동 C-6
127.681392E,38.062789N,강원,Charcoal,화천 원천리,109,Yemaek Cultural Property Research Institute,1690,20,중도,,원삼국-백제 한성기,화천 원천리 109
127.681392E,38.062789N,강원,Charcoal,화천 원천리,69,Yemaek Cultural Property Research Institute,1690,20,중도,,원삼국-백제 한성기,화천 원천리 69
127.243675E,37.39228N,경기,Charcoal,광주 장지동,24 ,Gyounggi Cultural Property Research Institute,1690,25,중도,,원삼국-백제 한성기,광주 장지동 24 
126.78707E,37.874197N,경기,Charcoal,문산 당동리,7-4,Gyounggi Cultural Property Research Institute,1690,50,마한,,원삼국-백제 한성기,문산 당동리 7-4
126.971097E,37.409198N,경기,Charcoal,안양 관양동,4-3-4 ,Korea Institute of Heritage,1690,50,중도,,원삼국-백제 한성기,안양 관양동 4-3-4 
127.115987E,37.53396N,경기,Charcoal,서울 풍납토성,나-18 ,National Research Institute of Cultural Heritage,1690,40,중도,,원삼국-백제 한성기,서울 풍납토성 나-18 
127.091459E,37.190436N,경기,Charcoal,화성 감배산,A-17 ,Museum of Gyounggi University,1690,40,마한,,원삼국-백제 한성기,화성 감배산 A-17 
127.364665E,37.795516N,경기,Charcoal,가평 항사리,가-8,Korea Institute of Heritage,1690,60 ,중도,,원삼국-백제 한성기,가평 항사리 가-8
127.741843E,37.054646N,충청,N/A,충주 문성리,1-21,Jungwon Cultural Properties Institute,1690,30,마한,,원삼국-백제 한성기,충주 문성리 1-21
127.683173E,36.993632N,충청,N/A,충주 대화리,6-2,Jungwon Cultural Properties Institute,1690,30,마한,,원삼국-백제 한성기,충주 대화리 6-2
127.2135911E,37.2412159N,경기,Charcoal,용인 고림동,B-7,Hanshin University Museum,1690,40,중도,No,원삼국-백제 한성기,용인 고림동 B-7
127.347222E,37.350278N,경기,Charcoal,광주 곤지암리,29,Korea Institute of Heritage,1690,30,중도,No,원삼국-백제 한성기,광주 곤지암리 29
127.347222E,37.350278N,경기,Charcoal,광주 곤지암리,34,Korea Institute of Heritage,1690,30,중도,No,원삼국-백제 한성기,광주 곤지암리 34
128.397984E,37.390637N,강원,Charcoal,평창 후평리,가-5,Gangwon Research Institute of Archaeological and Cultural Properties,1690,30,중도,No,원삼국-백제 한성기,평창 후평리 가-5
126.893599E,37.989211N,경기,Charcoal,파주 주월리,96-7 ,Gyounggi Museum,1695,45,중도,,원삼국-백제 한성기,파주 주월리 96-7 
127.749548E,37.208053N,강원,Charcoal,원주 법천리,2,Gangwon Archaeological Culture Research Institute,1697,34,중도,No,원삼국-백제 한성기,원주 법천리 2
127.098028E,37.19868N,경기,N/A,화성 청계리,마-A-63  ,Hanbaek Cultural Property Research Institute,1700,30 ,마한,,원삼국-백제 한성기,화성 청계리 마-A-63  
128.421572E,37.436098N,강원,Charcoal,평창 방림리,3,Gangwon Archaeological Culture Research Institute,1700,60,중도,,원삼국-백제 한성기,평창 방림리 3
128.387281E,37.355477N,강원,Charcoal,평창 종부리,Ⅳ-2,Gangwon Archaeological Culture Research Institute,1700,40,중도,,원삼국-백제 한성기,평창 종부리 Ⅳ-2
127.96171E,37.762661N,강원,Charcoal,홍천 성산리,1,Gangwon Cultural Property Research Institute,1700,40,중도,,원삼국-백제 한성기,홍천 성산리 1
127.681392E,38.062789N,강원,Charcoal,화천 원천리,65,Yemaek Cultural Property Research Institute,1700,20,중도,,원삼국-백제 한성기,화천 원천리 65
127.681392E,38.062789N,강원,Charcoal,화천 원천리,78,Yemaek Cultural Property Research Institute,1700,20,중도,,원삼국-백제 한성기,화천 원천리 78
127.194032E,37.72955N,경기,Charcoal,남양주 장현,77,Central Institute of Cultural Heritage,1700,50,마한,,원삼국-백제 한성기,남양주 장현 77
126.981489E,37.819986N,경기,Charcoal,양주 광석리,3,Kukbang Cultural Property Research Center,1700,40,중도,,원삼국-백제 한성기,양주 광석리 3
127.018379E,38.109908N,경기,Charcoal,연천 강내리,41 ,Korea Institute of Heritage,1700,40,중도,,원삼국-백제 한성기,연천 강내리 41 
127.018379E,38.109908N,경기,Charcoal,연천 강내리,58 ,Korea Institute of Heritage,1700,40,중도,,원삼국-백제 한성기,연천 강내리 58 
126.689053E,37.611847N,경기,Charcoal,인천 불로동,4-1,Korean Association for Archaeological Heritage,1700,80,마한,,원삼국-백제 한성기,인천 불로동 4-1
126.760831E,37.726843N,경기,Charcoal,파주 운정,Unjeong 1-3-2 ,Institute of Korean prehistory,1700,30,마한,,원삼국-백제 한성기,파주 운정 Unjeong 1-3-2 
127.115987E,37.53396N,경기,Charcoal,서울 풍납토성,9,Museum of Hansin University,1700,43,중도,,원삼국-백제 한성기,서울 풍납토성 9
127.115987E,37.53396N,경기,Charcoal,서울 풍납토성,11-가-1 ,National Research Institute of Cultural Heritage,1700,50,중도,,원삼국-백제 한성기,서울 풍납토성 11-가-1 
127.115987E,37.53396N,경기,Charcoal,서울 풍납토성,나-12,National Research Institute of Cultural Heritage,1700,50,중도,,원삼국-백제 한성기,서울 풍납토성 나-12
127.115987E,37.53396N,경기,Charcoal,서울 풍납토성,나-3,National Research Institute of Cultural Heritage,1700,50,중도,,원삼국-백제 한성기,서울 풍납토성 나-3
127.192812E,37.579804N,경기,Charcoal,하남 명월동 구산,8 ,Korea Institute of Heritage,1700,60,마한,,원삼국-백제 한성기,하남 명월동 구산 8 
127.212112E,38.084803N,경기,Charcoal,포천 중리,8,Gyerye Cultural Heritage Research Institute,1700,30,중도,No,원삼국-백제 한성기,포천 중리 8
127.536201E,37.422809N,경기,Charcoal,양평 하자포리,삼(한)-주,Korea Cultural Heritage Foundation,1700,24,중도,No,원삼국-백제 한성기,양평 하자포리 삼(한)-주
127.484805E,37.494859N,경기,Charcoal,양평 양근리,3,Gukto Institute of Cultural Heritage,1700,30,중도,No,원삼국-백제 한성기,양평 양근리 3
128.397984E,37.390637N,강원,Charcoal,평창 후평리,가-11,Gangwon Research Institute of Archaeological and Cultural Properties,1700,30,중도,No,원삼국-백제 한성기,평창 후평리 가-11
127.166779E,37.626062N,경기,Charcoal,남양주 지금동,2 ,Museum of Sejong University,1701,47,중도,,원삼국-백제 한성기,남양주 지금동 2 
127.681392E,38.062789N,강원,Charcoal,화천 원천리,30,Yemaek Cultural Property Research Institute,1705,20,중도,,원삼국-백제 한성기,화천 원천리 30
128.265477E,37.270642N,강원,Charcoal,영월 주천리 술샘,1 ,Gangwon Archaeological Culture Research Institute,1710,50,중도,,원삼국-백제 한성기,영월 주천리 술샘 1 
128.638004E,37.209188N,강원,Charcoal,정선 예미리,6,Gangwon Cultural Property Research Institute,1710,50,중도,,원삼국-백제 한성기,정선 예미리 6
128.421572E,37.436098N,강원,Charcoal,평창 방림리,2,Gangwon Archaeological Culture Research Institute,1710,60,중도,,원삼국-백제 한성기,평창 방림리 2
127.96171E,37.762661N,강원,Charcoal,홍천 성산리,32,Gangwon Cultural Property Research Institute,1710,40,중도,,원삼국-백제 한성기,홍천 성산리 32
127.96171E,37.762661N,강원,Charcoal,홍천 성산리,33,Gangwon Cultural Property Research Institute,1710,40,중도,,원삼국-백제 한성기,홍천 성산리 33
127.96171E,37.762661N,강원,Charcoal,홍천 성산리,35,Gangwon Cultural Property Research Institute,1710,40,중도,,원삼국-백제 한성기,홍천 성산리 35
127.96171E,37.762661N,강원,Charcoal,홍천 성산리,43,Gangwon Cultural Property Research Institute,1710,40,중도,,원삼국-백제 한성기,홍천 성산리 43
127.681392E,38.062789N,강원,Charcoal,화천 원천리,34,Yemaek Cultural Property Research Institute,1710,20,중도,,원삼국-백제 한성기,화천 원천리 34
127.681392E,38.062789N,강원,Charcoal,화천 원천리,53,Yemaek Cultural Property Research Institute,1710,20,중도,,원삼국-백제 한성기,화천 원천리 53
127.018379E,38.109908N,경기,Charcoal,연천 강내리,32 ,Korea Institute of Heritage,1710,40,중도,,원삼국-백제 한성기,연천 강내리 32 
127.018379E,38.109908N,경기,Charcoal,연천 강내리,42 ,Korea Institute of Heritage,1710,40,중도,,원삼국-백제 한성기,연천 강내리 42 
127.085653E,37.275062N,경기,Charcoal,용인 영덕동,15-Three Kingdoms period house,Gijeon Cultural Property Research Institute,1710,50,마한,,원삼국-백제 한성기,용인 영덕동 15-Three Kingdoms period house
126.760831E,37.726843N,경기,Charcoal,파주 운정,Wadong Ⅲ-14 house ,Gyounggi Cultural Property Research Institute,1710,60,마한,,원삼국-백제 한성기,파주 운정 Wadong Ⅲ-14 house 
127.172105E,37.865923N,경기,Charcoal,포천 자작리,22,Giho Cultural Heritage Research Center,1710,30 ,중도,,원삼국-백제 한성기,포천 자작리 22
127.741843E,37.054646N,충청,N/A,충주 문성리,1-5,Jungwon Cultural Properties Institute,1710,40,마한,,원삼국-백제 한성기,충주 문성리 1-5
128.397984E,37.390637N,강원,Charcoal,평창 후평리,가-6,Gangwon Research Institute of Archaeological and Cultural Properties,1710,30,중도,No,원삼국-백제 한성기,평창 후평리 가-6
127.243675E,37.39228N,경기,Charcoal,광주 장지동,20 ,Gyounggi Cultural Property Research Institute,1714,19,중도,,원삼국-백제 한성기,광주 장지동 20 
127.96171E,37.762661N,강원,Charcoal,홍천 성산리,2,Gangwon Cultural Property Research Institute,1715,29,중도,,원삼국-백제 한성기,홍천 성산리 2
127.681392E,38.062789N,강원,Charcoal,화천 원천리,37,Yemaek Cultural Property Research Institute,1715,20,중도,,원삼국-백제 한성기,화천 원천리 37
127.701081E,37.885079N,강원,Charcoal,춘천 중도동,2,Gangwon Archaeological Culture Research Institute,1718,15,중도,,원삼국-백제 한성기,춘천 중도동 2
128.387281E,37.355477N,강원,Charcoal,평창 종부리,Ⅳ-1,Gangwon Archaeological Culture Research Institute,1720,40,중도,,원삼국-백제 한성기,평창 종부리 Ⅳ-1
127.243675E,37.39228N,경기,Charcoal,광주 장지동,17 ,Gyounggi Cultural Property Research Institute,1720,20,중도,,원삼국-백제 한성기,광주 장지동 17 
127.194032E,37.72955N,경기,Charcoal,남양주 장현,74,Central Institute of Cultural Heritage,1720,50,마한,,원삼국-백제 한성기,남양주 장현 74
127.018379E,38.109908N,경기,Charcoal,연천 강내리,43 ,Korea Institute of Heritage,1720,40,중도,,원삼국-백제 한성기,연천 강내리 43 
127.172105E,37.865923N,경기,Charcoal,포천 자작리,13,Giho Cultural Heritage Research Center,1720,30 ,중도,,원삼국-백제 한성기,포천 자작리 13
127.172105E,37.865923N,경기,Charcoal,포천 자작리,9,Giho Cultural Heritage Research Center,1720,40 ,중도,,원삼국-백제 한성기,포천 자작리 9
127.192812E,37.579804N,경기,Charcoal,하남 명월동 구산,1 ,Korea Institute of Heritage,1720,60,마한,,원삼국-백제 한성기,하남 명월동 구산 1 
127.364665E,37.795516N,경기,Charcoal,가평 항사리,나-10,Korea Institute of Heritage,1720,50 ,중도,,원삼국-백제 한성기,가평 항사리 나-10
127.364665E,37.795516N,경기,Charcoal,가평 항사리,나-9,Korea Institute of Heritage,1720,50 ,중도,,원삼국-백제 한성기,가평 항사리 나-9
127.347222E,37.350278N,경기,Charcoal,광주 곤지암리,31,Korea Institute of Heritage,1720,30,중도,No,원삼국-백제 한성기,광주 곤지암리 31
127.537310E,37.421297N,경기,Charcoal,양평 상자포리,1,Hanyang Institute of Cultural Heritage,1720,25,중도,No,원삼국-백제 한성기,양평 상자포리 1
127.532306E,37.430364N,경기,Charcoal,양평 하자포리,삼(한)-3,Korea Cultural Heritage Foundation,1720,24,중도,No,원삼국-백제 한성기,양평 하자포리 삼(한)-3
128.397984E,37.390637N,강원,Charcoal,평창 후평리,가-15,Gangwon Research Institute of Archaeological and Cultural Properties,1720,30,중도,No,원삼국-백제 한성기,평창 후평리 가-15
128.492648E,37.14987N,강원,Charcoal,영월 팔괴리,Proto-three Kingdoms pit house,Gangwon Cultural Property Research Institute,1720,36,중도,,원삼국-백제 한성기,영월 팔괴리 Proto-three Kingdoms pit house
127.117257E,37.400068N,경기,Charcoal,성남 동판교,21-2-2 ,Korea Institute of Heritage,1720,36,마한,,원삼국-백제 한성기,성남 동판교 21-2-2 
127.536111E,37.423056N,경기,Charcoal,양평 하자포리,삼(한)-주-3,Korea Cultural Heritage Foundation,1721,18,중도,Yes,원삼국-백제 한성기,양평 하자포리 삼(한)-주-3
128.213845E,37.511937N,강원,N/A,횡성 둔내,1,Gangwon Cultural Property Research Institute,1722,14,중도,,원삼국-백제 한성기,횡성 둔내 1
127.018379E,38.109908N,경기,Charcoal,연천 강내리,44 ,Korea Institute of Heritage,1723,32,중도,,원삼국-백제 한성기,연천 강내리 44 
127.07208E,37.205312N,경기,Charcoal,화성 석우리,7 ,Gyounggi Cultural Property Research Institute,1723,23,마한,,원삼국-백제 한성기,화성 석우리 7 
127.681392E,38.062789N,강원,Charcoal,화천 원천리,21,Yemaek Cultural Property Research Institute,1725,20,중도,,원삼국-백제 한성기,화천 원천리 21
127.166779E,37.626062N,경기,Charcoal,남양주 지금동,4 ,Museum of Sejong University,1725,36,중도,,원삼국-백제 한성기,남양주 지금동 4 
127.243675E,37.39228N,경기,Charcoal,광주 장지동,14 ,Gyounggi Cultural Property Research Institute,1727,15,중도,,원삼국-백제 한성기,광주 장지동 14 
127.532306E,37.430364N,경기,Charcoal,양평 하자포리,삼(한)-2,Korea Cultural Heritage Foundation,1729,16,중도,Yes,원삼국-백제 한성기,양평 하자포리 삼(한)-2
127.098028E,37.19868N,경기,N/A,화성 청계리,Proto-three Kingdoms~Three Kingdoms 4 ,Hanbaek Cultural Property Research Institute,1730,40 ,마한,,원삼국-백제 한성기,화성 청계리 Proto-three Kingdoms~Three Kingdoms 4 
127.944313E,37.3848N,강원,Charcoal,원주 가현동,13,Gangwon Cultural Property Research Institute,1730,40,중도,,원삼국-백제 한성기,원주 가현동 13
127.751408E,37.931132N,강원,Charcoal,춘천 율문리∙천전리,Yulmun 335-4: 1,Gangwon Cultural Property Research Institute,1730,50,중도,,원삼국-백제 한성기,춘천 율문리∙천전리 Yulmun 335-4: 1
127.701081E,37.885079N,강원,Charcoal,춘천 중도동,C-3,Gangwon Archaeological Culture Research Institute,1730,40,중도,,원삼국-백제 한성기,춘천 중도동 C-3
128.375016E,37.329616N,강원,Charcoal,춘천 천동리∙마지리,Cheondong-4,Gangwon Archaeological Culture Research Institute,1730,60,중도,,원삼국-백제 한성기,춘천 천동리∙마지리 Cheondong-4
128.421572E,37.436098N,강원,Charcoal,평창 방림리,1,Gangwon Archaeological Culture Research Institute,1730,60,중도,,원삼국-백제 한성기,평창 방림리 1
127.96171E,37.762661N,강원,Charcoal,홍천 성산리,36 ,Gangwon Cultural Property Research Institute,1730,50,중도,,원삼국-백제 한성기,홍천 성산리 36 
127.687879E,38.074793N,강원,Charcoal,화천 거례리,1-3-10,Gangwon Archaeological Culture Research Institute,1730,40,중도,,원삼국-백제 한성기,화천 거례리 1-3-10
126.635093E,37.645535N,경기,Charcoal,김포 양촌,2-4(가)-2 ,Korea Institute of Heritage,1730,80,마한,,원삼국-백제 한성기,김포 양촌 2-4(가)-2 
127.194032E,37.72955N,경기,Charcoal,남양주 장현,83,Central Institute of Cultural Heritage,1730,50,마한,,원삼국-백제 한성기,남양주 장현 83
127.200673E,37.577899N,경기,Charcoal,하남 미사리,A 1,Hanyang University,1730,50,중도,,원삼국-백제 한성기,하남 미사리 A 1
126.981489E,37.819986N,경기,Charcoal,양주 광석리,1,Kukbang Cultural Property Research Center,1730,60,중도,,원삼국-백제 한성기,양주 광석리 1
127.192812E,37.579804N,경기,Charcoal,하남 명월동 구산,9 ,Korea Institute of Heritage,1730,60,마한,,원삼국-백제 한성기,하남 명월동 구산 9 
127.266563E,38.109058N,경기,Charcoal,포천 사정리 모래내,15,Central Institute of Cultural Heritage,1730,40 ,중도,,원삼국-백제 한성기,포천 사정리 모래내 15
127.347222E,37.350278N,경기,Charcoal,광주 곤지암리,3,Korea Institute of Heritage,1730,30,중도,No,원삼국-백제 한성기,광주 곤지암리 3
127.347222E,37.350278N,경기,Charcoal,광주 곤지암리,20,Korea Institute of Heritage,1730,30,중도,No,원삼국-백제 한성기,광주 곤지암리 20
127.432718E,37.093609N,경기,Charcoal,안성 매산리,10,Ginam Cultural Heritage Research Center,1730,30,마한,No,원삼국-백제 한성기,안성 매산리 10
128.403668E,37.369631N,강원,Charcoal,평창 중리,철-2,Gangwon Research Institute of Archaeological and Cultural Properties,1730,27,중도,No,원삼국-백제 한성기,평창 중리 철-2
127.07208E,37.205312N,경기,Charcoal,화성 석우리,6 ,Gyounggi Cultural Property Research Institute,1730,36,마한,,원삼국-백제 한성기,화성 석우리 6 
128.586561E,37.267486N,강원,Charcoal,정선 덕천리,철-주,Gangwon Institute of Cultural Heritage,1732,20,중도,Yes,원삼국-백제 한성기,정선 덕천리 철-주
126.828792E,37.202471N,경기,N/A,화성 남양동Ⅱ,3-3 ,Hanbaek Cultural Property Research Institute,1735,22 ,마한,,원삼국-백제 한성기,화성 남양동Ⅱ 3-3 
127.96171E,37.762661N,강원,Charcoal,홍천 성산리,25 ,Gangwon Cultural Property Research Institute,1740,40,중도,,원삼국-백제 한성기,홍천 성산리 25 
127.243675E,37.39228N,경기,Charcoal,광주 장지동,16 ,Gyounggi Cultural Property Research Institute,1740,20,중도,,원삼국-백제 한성기,광주 장지동 16 
127.194032E,37.72955N,경기,Charcoal,남양주 장현,71,Central Institute of Cultural Heritage,1740,50,마한,,원삼국-백제 한성기,남양주 장현 71
126.78707E,37.874197N,경기,Charcoal,문산 당동리,7-1,Gyounggi Cultural Property Research Institute,1740,50,마한,,원삼국-백제 한성기,문산 당동리 7-1
127.364665E,37.795516N,경기,Charcoal,가평 항사리,나-16,Korea Institute of Heritage,1740,50 ,중도,,원삼국-백제 한성기,가평 항사리 나-16
126.828792E,37.202471N,경기,N/A,화성 남양동Ⅱ,3-5 ,Hanbaek Cultural Property Research Institute,1740,30 ,마한,,원삼국-백제 한성기,화성 남양동Ⅱ 3-5 
127.266563E,38.109058N,경기,Charcoal,포천 사정리 모래내,20,Central Institute of Cultural Heritage,1740,40 ,중도,,원삼국-백제 한성기,포천 사정리 모래내 20
127.2135911E,37.2412159N,경기,Charcoal,용인 고림동,B-9,Hanshin University Museum,1740,29,중도,Yes,원삼국-백제 한성기,용인 고림동 B-9
127.347222E,37.350278N,경기,Charcoal,광주 곤지암리,30,Korea Institute of Heritage,1740,30,중도,No,원삼국-백제 한성기,광주 곤지암리 30
127.251285E,37.395281N,경기,Charcoal,광주 역동,3,History Institute of Heritage,1740,30,중도,No,원삼국-백제 한성기,광주 역동 3
128.397984E,37.390637N,강원,Charcoal,평창 후평리,가-3,Gangwon Research Institute of Archaeological and Cultural Properties,1740,30,중도,No,원삼국-백제 한성기,평창 후평리 가-3
128.397984E,37.390637N,강원,Charcoal,평창 후평리,가-12,Gangwon Research Institute of Archaeological and Cultural Properties,1740,30,중도,No,원삼국-백제 한성기,평창 후평리 가-12
127.944313E,37.3848N,강원,Charcoal,원주 가현동,16,Gangwon Cultural Property Research Institute,1750,29,중도,,원삼국-백제 한성기,원주 가현동 16
127.96171E,37.762661N,강원,Charcoal,홍천 성산리,24 ,Gangwon Cultural Property Research Institute,1750,50,중도,,원삼국-백제 한성기,홍천 성산리 24 
127.681392E,38.062789N,강원,Charcoal,화천 원천리,39,Yemaek Cultural Property Research Institute,1750,20,중도,,원삼국-백제 한성기,화천 원천리 39
127.444691E,37.518074N,경기,Charcoal,고속국도 45호선 여주-양평 구간,KC-002,Korea Archaeo-environment Research Institute,1750,60,중도,,원삼국-백제 한성기,고속국도 45호선 여주-양평 구간 KC-002
126.88443E,37.430142N,경기,Charcoal,광명 소하동,1 ,Korea Archaeo-environment Research Institute,1750,50,마한,,원삼국-백제 한성기,광명 소하동 1 
127.194032E,37.72955N,경기,Charcoal,남양주 장현,49,Central Institute of Cultural Heritage,1750,50,마한,,원삼국-백제 한성기,남양주 장현 49
127.018379E,38.109908N,경기,Charcoal,연천 강내리,27 ,Korea Institute of Heritage,1750,40,중도,,원삼국-백제 한성기,연천 강내리 27 
127.018379E,38.109908N,경기,Charcoal,연천 강내리,34 ,Korea Institute of Heritage,1750,29,중도,,원삼국-백제 한성기,연천 강내리 34 
127.018379E,38.109908N,경기,Charcoal,연천 강내리,38 ,Korea Institute of Heritage,1750,50,중도,,원삼국-백제 한성기,연천 강내리 38 
127.085653E,37.275062N,경기,Charcoal,용인 영덕동,14-3 ,Gijeon Cultural Property Research Institute,1750,50,마한,,원삼국-백제 한성기,용인 영덕동 14-3 
126.515606E,37.476826N,경기,Charcoal,인천 운남동,B-KC-001,Korea Archaeo-environment Research Institute,1750,50,마한,,원삼국-백제 한성기,인천 운남동 B-KC-001
126.760831E,37.726843N,경기,Charcoal,파주 운정,Wadong Ⅳ-21-12 ,Gyounggi Cultural Property Research Institute,1750,50,마한,,원삼국-백제 한성기,파주 운정 Wadong Ⅳ-21-12 
127.172105E,37.865923N,경기,Charcoal,포천 자작리,14,Giho Cultural Heritage Research Center,1750,30 ,중도,,원삼국-백제 한성기,포천 자작리 14
127.172105E,37.865923N,경기,Charcoal,포천 자작리,17,Giho Cultural Heritage Research Center,1750,30 ,중도,,원삼국-백제 한성기,포천 자작리 17
127.115987E,37.53396N,경기,Charcoal,서울 풍납토성,나-7,National Research Institute of Cultural Heritage,1750,50,중도,,원삼국-백제 한성기,서울 풍납토성 나-7
127.192812E,37.579804N,경기,Charcoal,하남 명월동 구산,12 ,Korea Institute of Heritage,1750,60,마한,,원삼국-백제 한성기,하남 명월동 구산 12 
127.192812E,37.579804N,경기,Charcoal,하남 명월동 구산,4 ,Korea Institute of Heritage,1750,60,마한,,원삼국-백제 한성기,하남 명월동 구산 4 
127.347222E,37.350278N,경기,Charcoal,광주 곤지암리,22,Korea Institute of Heritage,1750,30,중도,No,원삼국-백제 한성기,광주 곤지암리 22
127.850603E,37.691398N,강원,Charcoal,홍천 하화계리,1,Gangwon Archaeological Culture Research Institute,1750,29,중도,,원삼국-백제 한성기,홍천 하화계리 1
127.117257E,37.400068N,경기,Charcoal,성남 동판교,21-8 ,Korea Institute of Heritage,1751,36,마한,,원삼국-백제 한성기,성남 동판교 21-8 
127.751408E,37.931132N,강원,Charcoal,춘천 율문리∙천전리,Yulmun 335-4: 3,Gangwon Cultural Property Research Institute,1756,36,중도,,원삼국-백제 한성기,춘천 율문리∙천전리 Yulmun 335-4: 3
127.726466E,37.756309N,강원,Charcoal,춘천 군자리,2,Yemaek Cultural Property Research Institute,1758,15,중도,,원삼국-백제 한성기,춘천 군자리 2
127.115987E,37.53396N,경기,Charcoal,서울 풍납토성,나-10,National Research Institute of Cultural Heritage,1758,20,중도,,원삼국-백제 한성기,서울 풍납토성 나-10
127.536111E,37.423056N,경기,Charcoal,양평 하자포리,삼(한)-주-1,Korea Cultural Heritage Foundation,1759,17,중도,Yes,원삼국-백제 한성기,양평 하자포리 삼(한)-주-1
127.194032E,37.72955N,경기,Charcoal,남양주 장현,35,Central Institute of Cultural Heritage,1760,50,마한,,원삼국-백제 한성기,남양주 장현 35
127.672158E,37.289407N,경기,Charcoal,여주 연양리,6 ,Korea Institute of Heritage,1760,50,중도,,원삼국-백제 한성기,여주 연양리 6 
127.2135911E,37.2412159N,경기,Charcoal,용인 고림동,B-10,Hanshin University Museum,1760,40,마한,No,원삼국-백제 한성기,용인 고림동 B-10
127.251734E,37.395526N,경기,Charcoal,광주 역동,주-4,Korea Cultural Heritage Institute,1760,30,중도,No,원삼국-백제 한성기,광주 역동 주-4
127.251734E,37.395526N,경기,Charcoal,광주 역동,주-5,Korea Cultural Heritage Institute,1760,30,중도,No,원삼국-백제 한성기,광주 역동 주-5
127.484805E,37.494859N,경기,Charcoal,양평 양근리,5,Gukto Institute of Cultural Heritage,1760,30,중도,No,원삼국-백제 한성기,양평 양근리 5
127.535261E,37.424531N,경기,Charcoal,양평 하자포리,3,Korea Institute of Heritage,1765,15,중도,Yes,원삼국-백제 한성기,양평 하자포리 3
128.374118E,37.332932N,강원,Charcoal,평창 용항리,Proto-three Kingdoms,Yemaek Cultural Property Research Institute,1767,24,,,원삼국-백제 한성기,평창 용항리 Proto-three Kingdoms
128.265477E,37.270642N,강원,Charcoal,영월 주천리 술샘,7 ,Gangwon Archaeological Culture Research Institute,1770,60,중도,,원삼국-백제 한성기,영월 주천리 술샘 7 
127.944313E,37.3848N,강원,Charcoal,원주 가현동,4,Gangwon Cultural Property Research Institute,1770,29,중도,,원삼국-백제 한성기,원주 가현동 4
128.638004E,37.209188N,강원,Charcoal,정선 예미리,8,Gangwon Cultural Property Research Institute,1770,60,중도,,원삼국-백제 한성기,정선 예미리 8
127.751408E,37.931132N,강원,Charcoal,춘천 율문리∙천전리,Yulmun∙Cheonjeon-36,Yemaek Cultural Property Research Institute,1770,40,중도,,원삼국-백제 한성기,춘천 율문리∙천전리 Yulmun∙Cheonjeon-36
128.382917E,37.345549N,강원,Charcoal,평창 약수리,A-2,Gangwon Archaeological Culture Research Institute,1770,40,중도,,원삼국-백제 한성기,평창 약수리 A-2
127.194032E,37.72955N,경기,Charcoal,남양주 장현,12,Central Institute of Cultural Heritage,1770,50,마한,,원삼국-백제 한성기,남양주 장현 12
127.115987E,37.53396N,경기,Charcoal,서울 풍납토성,라-3 ,National Research Institute of Cultural Heritage,1770,50,중도,,원삼국-백제 한성기,서울 풍납토성 라-3 
126.639648E,37.64342N,경기,Charcoal,김포 한강 신도시,1-3(다)-1 ,Korea Institute of Heritage,1770,60,,,원삼국-백제 한성기,김포 한강 신도시 1-3(다)-1 
127.251734E,37.395526N,경기,Charcoal,광주 역동,주-3,Korea Cultural Heritage Institute,1770,30,중도,No,원삼국-백제 한성기,광주 역동 주-3
127.212112E,38.084803N,경기,Charcoal,포천 중리,32,Gyerye Cultural Heritage Research Institute,1770,30,중도,No,원삼국-백제 한성기,포천 중리 32
127.2135911E,37.2412159N,경기,Charcoal,용인 고림동,B-8,Hanshin University Museum,1772,29,마한,Yes,원삼국-백제 한성기,용인 고림동 B-8
127.944313E,37.3848N,강원,Charcoal,원주 가현동,24,Gangwon Cultural Property Research Institute,1776,32,중도,,원삼국-백제 한성기,원주 가현동 24
127.535912E,37.423334N,경기,Charcoal,양평 하자포리,6,Gyeonggi Ceramic Museum,1779,25,중도,No,원삼국-백제 한성기,양평 하자포리 6
127.96171E,37.762661N,강원,Charcoal,홍천 성산리,5,Gangwon Cultural Property Research Institute,1780,40,중도,,원삼국-백제 한성기,홍천 성산리 5
126.903069E,37.129636N,경기,Charcoal,화성 발안리,30 ,Gijeon Cultural Property Research Institute,1780,50,마한,,원삼국-백제 한성기,화성 발안리 30 
126.903069E,37.129636N,경기,Charcoal,화성 발안리,38 ,Gijeon Cultural Property Research Institute,1780,50,마한,,원삼국-백제 한성기,화성 발안리 38 
127.266563E,38.109058N,경기,Charcoal,포천 사정리 모래내,18,Central Institute of Cultural Heritage,1780,40 ,중도,,원삼국-백제 한성기,포천 사정리 모래내 18
128.168599E,37.148507N,충청,Charcoal,제천 왕암동,4-5,Jungwon Cultural Properties Institute,1780,40,중도,,원삼국-백제 한성기,제천 왕암동 4-5
127.064683E,37.281607N,경기,Charcoal,광교 신도시,11-1 ,Giho Cultural Heritage Research Center,1780,20,,,원삼국-백제 한성기,광교 신도시 11-1 
127.212112E,38.084803N,경기,Charcoal,포천 중리,27,Gyerye Cultural Heritage Research Institute,1780,30,중도,No,원삼국-백제 한성기,포천 중리 27
127.432718E,37.093609N,경기,Charcoal,안성 매산리,12,Ginam Cultural Heritage Research Center,1780,30,마한,No,원삼국-백제 한성기,안성 매산리 12
127.535749E,37.423713N,경기,Charcoal,양평 하자포리,삼(한)-주,Korea Cultural Heritage Foundation,1780,16,중도,Yes,원삼국-백제 한성기,양평 하자포리 삼(한)-주
127.902813E,37.129878N,경기,Charcoal,화성 발안리,30,Gijeon Cultural Property Research Institute,1780,50,중도,No,원삼국-백제 한성기,화성 발안리 30
127.902813E,37.129878N,경기,Charcoal,화성 발안리,38,Gijeon Cultural Property Research Institute,1780,50,중도,No,원삼국-백제 한성기,화성 발안리 38
127.743126E,37.913389N,강원,Charcoal,춘천 우두동,Udu Ⅲ-3,Gangwon Cultural Property Research Institute,1780,40,중도,,원삼국-백제 한성기,춘천 우두동 Udu Ⅲ-3
127.2135911E,37.2412159N,경기,Charcoal,용인 고림동,A-2,Hanshin University Museum,1783,25,중도,Yes,원삼국-백제 한성기,용인 고림동 A-2
127.2135911E,37.2412159N,경기,Charcoal,용인 고림동,B-2,Hanshin University Museum,1786,32,마한,Yes,원삼국-백제 한성기,용인 고림동 B-2
127.243675E,37.39228N,경기,Charcoal,광주 장지동,22 ,Gyounggi Cultural Property Research Institute,1788,19,중도,,원삼국-백제 한성기,광주 장지동 22 
127.944313E,37.3848N,강원,Charcoal,원주 가현동,26,Gangwon Cultural Property Research Institute,1790,29,중도,,원삼국-백제 한성기,원주 가현동 26
127.944313E,37.3848N,강원,Charcoal,원주 가현동,43,Gangwon Cultural Property Research Institute,1790,50,중도,,원삼국-백제 한성기,원주 가현동 43
127.701081E,37.885079N,강원,Charcoal,춘천 중도동,C-7,Gangwon Archaeological Culture Research Institute,1790,40,중도,,원삼국-백제 한성기,춘천 중도동 C-7
127.091459E,37.190436N,경기,Charcoal,화성 감배산,A-3 ,Museum of Gyounggi University,1790,60,마한,,원삼국-백제 한성기,화성 감배산 A-3 
126.639648E,37.64342N,경기,Charcoal,김포 한강 신도시,1-3(나)-4 ,Korea Institute of Heritage,1790,60,,,원삼국-백제 한성기,김포 한강 신도시 1-3(나)-4 
127.347222E,37.350278N,경기,Charcoal,광주 곤지암리,23,Korea Institute of Heritage,1790,30,중도,No,원삼국-백제 한성기,광주 곤지암리 23
128.631196E,37.315825N,강원,Charcoal,정선 가수리,3,Gangwon Institute of Cultural Heritage,1790,30,중도,No,원삼국-백제 한성기,정선 가수리 3
127.692716E,37.867458N,강원,Charcoal,춘천 삼천동,1,Museum of Hanrim University,1792,32,중도,,원삼국-백제 한성기,춘천 삼천동 1
127.115987E,37.53396N,경기,Charcoal,서울 풍납토성,라-8 ,National Research Institute of Cultural Heritage,1794,21,중도,,원삼국-백제 한성기,서울 풍납토성 라-8 
127.032608E,38.136725N,경기,Charcoal,연천 합수리,9,Hanul Reseasrch Institute of CUlturla Heritage,1795,29,중도,,원삼국-백제 한성기,연천 합수리 9
126.981489E,37.819986N,경기,Charcoal,양주 광석리,2,Kukbang Cultural Property Research Center,1798,26,중도,,원삼국-백제 한성기,양주 광석리 2
127.96171E,37.762661N,강원,Charcoal,홍천 성산리,26,Gangwon Cultural Property Research Institute,1800,40,중도,,원삼국-백제 한성기,홍천 성산리 26
127.018379E,38.109908N,경기,Charcoal,연천 강내리,52 ,Korea Institute of Heritage,1800,40,중도,,원삼국-백제 한성기,연천 강내리 52 
126.903069E,37.129636N,경기,Charcoal,화성 발안리,51 ,Gijeon Cultural Property Research Institute,1800,50,마한,,원삼국-백제 한성기,화성 발안리 51 
127.364665E,37.795516N,경기,Charcoal,가평 항사리,나-21,Korea Institute of Heritage,1800,50 ,중도,,원삼국-백제 한성기,가평 항사리 나-21
127.046514E,37.133183N,경기,Charcoal,오산 탑동∙두곡동,14-3 ,Giho Cultural Heritage Research Center,1800,40,중도,,원삼국-백제 한성기,오산 탑동∙두곡동 14-3 
127.2135911E,37.2412159N,경기,Charcoal,용인 고림동,B-4,Hanshin University Museum,1800,40,중도,No,원삼국-백제 한성기,용인 고림동 B-4
127.347222E,37.350278N,경기,Charcoal,광주 곤지암리,28,Korea Institute of Heritage,1800,30,중도,No,원삼국-백제 한성기,광주 곤지암리 28
127.484805E,37.494859N,경기,Charcoal,양평 양근리,1,Gukto Institute of Cultural Heritage,1800,30,중도,No,원삼국-백제 한성기,양평 양근리 1
127.902813E,37.129878N,경기,Charcoal,화성 발안리,51,Gijeon Cultural Property Research Institute,1800,50,중도,No,원삼국-백제 한성기,화성 발안리 51
127.726466E,37.756309N,강원,Charcoal,춘천 군자리,1,Yemaek Cultural Property Research Institute,1802,13,중도,,원삼국-백제 한성기,춘천 군자리 1
127.681392E,38.062789N,강원,Charcoal,화천 원천리,23,Yemaek Cultural Property Research Institute,1805,20,중도,,원삼국-백제 한성기,화천 원천리 23
127.032608E,38.136725N,경기,Charcoal,연천 합수리,1,Hanul Reseasrch Institute of CUlturla Heritage,1805,29,중도,,원삼국-백제 한성기,연천 합수리 1
127.117257E,37.400068N,경기,Charcoal,성남 동판교,21-20 ,Korea Institute of Heritage,1806,36,마한,,원삼국-백제 한성기,성남 동판교 21-20 
127.749548E,37.208053N,강원,Charcoal,원주 법천리,1,Gangwon Archaeological Culture Research Institute,1807,34,중도,No,원삼국-백제 한성기,원주 법천리 1
127.751408E,37.931132N,강원,Charcoal,춘천 율문리∙천전리,Yulmun 335-4: 7,Gangwon Cultural Property Research Institute,1810,50,중도,,원삼국-백제 한성기,춘천 율문리∙천전리 Yulmun 335-4: 7
127.96171E,37.762661N,강원,Charcoal,홍천 성산리,13 ,Gangwon Cultural Property Research Institute,1810,50,중도,,원삼국-백제 한성기,홍천 성산리 13 
126.760831E,37.726843N,경기,Charcoal,파주 운정,Wadong Ⅲ-15-8,Gyounggi Cultural Property Research Institute,1810,60,마한,,원삼국-백제 한성기,파주 운정 Wadong Ⅲ-15-8
126.760831E,37.726843N,경기,Charcoal,파주 운정,Wadong Ⅳ-21-13 ,Gyounggi Cultural Property Research Institute,1810,50,마한,,원삼국-백제 한성기,파주 운정 Wadong Ⅳ-21-13 
126.903069E,37.129636N,경기,Charcoal,화성 발안리,1  ,Gijeon Cultural Property Research Institute,1810,50,마한,,원삼국-백제 한성기,화성 발안리 1  
127.347222E,37.350278N,경기,Charcoal,광주 곤지암리,18,Korea Institute of Heritage,1810,30,중도,No,원삼국-백제 한성기,광주 곤지암리 18
127.212112E,38.084803N,경기,Charcoal,포천 중리,2,Gyerye Cultural Heritage Research Institute,1810,30,중도,No,원삼국-백제 한성기,포천 중리 2
127.902813E,37.129878N,경기,Charcoal,화성 발안리,1,Gijeon Cultural Property Research Institute,1810,50,중도,No,원삼국-백제 한성기,화성 발안리 1
127.722827E,37.478914N,강원,Charcoal,정선 여량리,4,Gangwon Institute of Cultural Heritage,1810,40,중도,No,원삼국-백제 한성기,정선 여량리 4
128.397984E,37.390637N,강원,Charcoal,평창 후평리,가-7,Gangwon Research Institute of Archaeological and Cultural Properties,1810,30,중도,No,원삼국-백제 한성기,평창 후평리 가-7
128.397984E,37.390637N,강원,Charcoal,평창 후평리,가-9,Gangwon Research Institute of Archaeological and Cultural Properties,1810,30,중도,No,원삼국-백제 한성기,평창 후평리 가-9
128.397984E,37.390637N,강원,Charcoal,평창 후평리,가-13,Gangwon Research Institute of Archaeological and Cultural Properties,1810,30,중도,No,원삼국-백제 한성기,평창 후평리 가-13
127.743126E,37.913389N,강원,Charcoal,춘천 우두동,Udu park-4,Gangwon Cultural Property Research Institute,1810,43,중도,,원삼국-백제 한성기,춘천 우두동 Udu park-4
127.278412E,37.943238N,경기,Charcoal,포천 길명리,Early Three Kingdoms period pit house,Museum of Sejong University,1812,25,중도,,원삼국-백제 한성기,포천 길명리 Early Three Kingdoms period pit house
127.249715E,37.968672N,경기,Charcoal,포천 금주리,4 ,Museum of Sejong University,1814,26,중도,,원삼국-백제 한성기,포천 금주리 4 
127.115987E,37.53396N,경기,Charcoal,서울 풍납토성,다-3  ,National Research Institute of Cultural Heritage,1814,32,중도,,원삼국-백제 한성기,서울 풍납토성 다-3  
127.997735E,37.812135N,강원,Charcoal,홍천 철정리,A-5 ,Gangwon Cultural Property Research Institute,1815,36,중도,,원삼국-백제 한성기,홍천 철정리 A-5 
127.535749E,37.423713N,경기,Charcoal,양평 하자포리,원-주,Korea Cultural Heritage Foundation,1816,16,중도,Yes,원삼국-백제 한성기,양평 하자포리 원-주
127.243675E,37.39228N,경기,Charcoal,광주 장지동,12 ,Gyounggi Cultural Property Research Institute,1818,15,중도,,원삼국-백제 한성기,광주 장지동 12 
127.944313E,37.3848N,강원,Charcoal,원주 가현동,10,Gangwon Cultural Property Research Institute,1820,29,중도,,원삼국-백제 한성기,원주 가현동 10
127.194032E,37.72955N,경기,Charcoal,남양주 장현,44,Central Institute of Cultural Heritage,1820,50,마한,,원삼국-백제 한성기,남양주 장현 44
127.194032E,37.72955N,경기,Charcoal,남양주 장현,4,Central Institute of Cultural Heritage,1820,50,마한,,원삼국-백제 한성기,남양주 장현 4
126.515606E,37.476826N,경기,Charcoal,인천 운남동,A-KC-001,Korea Archaeo-environment Research Institute,1820,60,마한,,원삼국-백제 한성기,인천 운남동 A-KC-001
127.115987E,37.53396N,경기,Charcoal,서울 풍납토성,다-5  ,National Research Institute of Cultural Heritage,1820,50,중도,,원삼국-백제 한성기,서울 풍납토성 다-5  
127.091459E,37.190436N,경기,Charcoal,화성 감배산,A-19 ,Museum of Gyounggi University,1820,60,마한,,원삼국-백제 한성기,화성 감배산 A-19 
127.364665E,37.795516N,경기,Charcoal,가평 항사리,-,Korea Institute of Heritage,1820,60 ,중도,,원삼국-백제 한성기,가평 항사리 -
127.266563E,38.109058N,경기,Charcoal,포천 사정리 모래내,11,Central Institute of Cultural Heritage,1820,40 ,중도,,원삼국-백제 한성기,포천 사정리 모래내 11
126.985032E,37.032743N,경기,Charcoal,평택 백봉리,B-2,Giho Cultural Heritage Research Center,1820,60,,,원삼국-백제 한성기,평택 백봉리 B-2
127.117257E,37.400068N,경기,Charcoal,성남 동판교,21-18 ,Korea Institute of Heritage,1820,36,마한,,원삼국-백제 한성기,성남 동판교 21-18 
127.743126E,37.913389N,강원,Charcoal,춘천 우두동,Udu Ⅲ-1,Gangwon Cultural Property Research Institute,1821,32,중도,,원삼국-백제 한성기,춘천 우두동 Udu Ⅲ-1
127.378916E,37.680931N,경기,Charcoal,가평 대성리,25 ,Gyounggi Cultural Property Research Institute,1825,20,중도,,원삼국-백제 한성기,가평 대성리 25 
127.115987E,37.53396N,경기,Charcoal,서울 풍납토성,마-1 ,National Research Institute of Cultural Heritage,1827,24,중도,,원삼국-백제 한성기,서울 풍납토성 마-1 
127.96171E,37.762661N,강원,Charcoal,홍천 성산리,27,Gangwon Cultural Property Research Institute,1830,40,중도,,원삼국-백제 한성기,홍천 성산리 27
127.96171E,37.762661N,강원,Charcoal,홍천 성산리,38,Gangwon Cultural Property Research Institute,1830,40,중도,,원삼국-백제 한성기,홍천 성산리 38
127.320794E,37.54989N,경기,Charcoal,양평 양수리 상석정,B-1,Museum of Sunggyungwan University,1830,40,중도,,원삼국-백제 한성기,양평 양수리 상석정 B-1
127.243675E,37.39228N,경기,Charcoal,광주 장지동,18 ,Gyounggi Cultural Property Research Institute,1830,20,중도,,원삼국-백제 한성기,광주 장지동 18 
127.194032E,37.72955N,경기,Charcoal,남양주 장현,65,Central Institute of Cultural Heritage,1830,50,마한,,원삼국-백제 한성기,남양주 장현 65
127.117257E,37.400068N,경기,Charcoal,성남 동판교,21-1-3 ,Korea Institute of Heritage,1830,50,마한,,원삼국-백제 한성기,성남 동판교 21-1-3 
126.775659E,37.833299N,경기,Charcoal,파주 능산리,1-1,Giho Cultural Heritage Research Center,1830,60,마한,,원삼국-백제 한성기,파주 능산리 1-1
127.192812E,37.579804N,경기,Charcoal,하남 명월동 구산,11 ,Korea Institute of Heritage,1830,60,마한,,원삼국-백제 한성기,하남 명월동 구산 11 
127.3945E,37.76334N,경기,Charcoal,가평 덕현리,C-1-1,Museum of Hanrim University,1831,35,중도,,원삼국-백제 한성기,가평 덕현리 C-1-1
128.631196E,37.315825N,강원,Charcoal,정선 가수리,2,Gangwon Institute of Cultural Heritage,1834,17,중도,Yes,원삼국-백제 한성기,정선 가수리 2
128.507406E,37.210748N,강원,Charcoal,영월 삼옥리,5,Yemaek Cultural Property Research Institute,1840,20,중도,,원삼국-백제 한성기,영월 삼옥리 5
128.507406E,37.210748N,강원,Charcoal,영월 삼옥리,6,Yemaek Cultural Property Research Institute,1840,20,중도,,원삼국-백제 한성기,영월 삼옥리 6
127.721289E,37.891914N,강원,Charcoal,춘천 근화동,3,Yemaek Cultural Property Research Institute,1840,20,중도,,원삼국-백제 한성기,춘천 근화동 3
127.751408E,37.931132N,강원,Charcoal,춘천 율문리∙천전리,Yulmun 335-4: 8,Gangwon Cultural Property Research Institute,1840,50,중도,,원삼국-백제 한성기,춘천 율문리∙천전리 Yulmun 335-4: 8
127.751408E,37.931132N,강원,Charcoal,춘천 율문리∙천전리,Cheonjeon-A-5,Gangwon Cultural Property Research Institute,1840,50,중도,,원삼국-백제 한성기,춘천 율문리∙천전리 Cheonjeon-A-5
127.96171E,37.762661N,강원,Charcoal,홍천 성산리,41,Gangwon Cultural Property Research Institute,1840,40,중도,,원삼국-백제 한성기,홍천 성산리 41
127.96171E,37.762661N,강원,Charcoal,홍천 성산리,45,Gangwon Cultural Property Research Institute,1840,40,중도,,원삼국-백제 한성기,홍천 성산리 45
127.997735E,37.812135N,강원,Charcoal,홍천 철정리,A-3 ,Gangwon Cultural Property Research Institute,1840,50,중도,,원삼국-백제 한성기,홍천 철정리 A-3 
127.378916E,37.680931N,경기,Charcoal,가평 대성리,16 ,Gyounggi Cultural Property Research Institute,1840,20,중도,,원삼국-백제 한성기,가평 대성리 16 
127.243675E,37.39228N,경기,Charcoal,광주 장지동,11 ,Gyounggi Cultural Property Research Institute,1840,50,중도,,원삼국-백제 한성기,광주 장지동 11 
126.635093E,37.645535N,경기,Charcoal,김포 양촌,2-4(나)-2 ,Korea Institute of Heritage,1840,60,마한,,원삼국-백제 한성기,김포 양촌 2-4(나)-2 
126.683544E,37.65817N,경기,Charcoal,김포 운양동,2-9-31,Korea Institute of Heritage,1840,25,마한,,원삼국-백제 한성기,김포 운양동 2-9-31
127.194032E,37.72955N,경기,Charcoal,남양주 장현,34,Central Institute of Cultural Heritage,1840,50,마한,,원삼국-백제 한성기,남양주 장현 34
126.903069E,37.129636N,경기,Charcoal,화성 발안리,21  ,Gijeon Cultural Property Research Institute,1840,60,마한,,원삼국-백제 한성기,화성 발안리 21  
126.903069E,37.129636N,경기,Charcoal,화성 발안리,5 ,Gijeon Cultural Property Research Institute,1840,60,마한,,원삼국-백제 한성기,화성 발안리 5 
127.902813E,37.129878N,경기,Charcoal,화성 발안리,5,Gijeon Cultural Property Research Institute,1840,60,중도,No,원삼국-백제 한성기,화성 발안리 5
127.902813E,37.129878N,경기,Charcoal,화성 발안리,21,Gijeon Cultural Property Research Institute,1840,60,중도,No,원삼국-백제 한성기,화성 발안리 21
127.722827E,37.478914N,강원,Charcoal,정선 여량리,2,Gangwon Institute of Cultural Heritage,1840,40,중도,No,원삼국-백제 한성기,정선 여량리 2
127.402135E,37.494394N,경기,Charcoal,양평 운심리,2,Korea Cultural Heritage Foundation,1842,24,중도,No,원삼국-백제 한성기,양평 운심리 2
128.527565E,37.271022N,강원,Charcoal,영월 문산리,Proto-three Kingdoms,Gangwon Cultural Property Research Institute,1843,29,중도,,원삼국-백제 한성기,영월 문산리 Proto-three Kingdoms
127.378916E,37.680931N,경기,Charcoal,가평 대성리,22 ,Gyounggi Cultural Property Research Institute,1845,20,중도,,원삼국-백제 한성기,가평 대성리 22 
127.743126E,37.913389N,강원,"Charcoal, Charred grain",춘천 우두동,Udu Ⅲ-7,Gangwon Cultural Property Research Institute,1848,32,중도,,원삼국-백제 한성기,춘천 우두동 Udu Ⅲ-7
128.507406E,37.210748N,강원,Charcoal,영월 삼옥리,2,Yemaek Cultural Property Research Institute,1850,25,중도,,원삼국-백제 한성기,영월 삼옥리 2
127.944313E,37.3848N,강원,Charcoal,원주 가현동,37,Gangwon Cultural Property Research Institute,1850,40,중도,,원삼국-백제 한성기,원주 가현동 37
127.194032E,37.72955N,경기,Charcoal,남양주 장현,14,Central Institute of Cultural Heritage,1850,50,마한,,원삼국-백제 한성기,남양주 장현 14
126.78707E,37.874197N,경기,Charcoal,문산 당동리,1-11,Gyounggi Cultural Property Research Institute,1850,50,마한,,원삼국-백제 한성기,문산 당동리 1-11
126.971097E,37.409198N,경기,Charcoal,안양 관양동,4-2-1 ,Korea Institute of Heritage,1850,60,중도,,원삼국-백제 한성기,안양 관양동 4-2-1 
127.032608E,38.136725N,경기,Charcoal,연천 합수리,5,Hanul Reseasrch Institute of CUlturla Heritage,1850,40,중도,,원삼국-백제 한성기,연천 합수리 5
126.689053E,37.611847N,경기,Charcoal,인천 불로동,4-2,Korea Cultural Heritage Foundation,1850,39,마한,,원삼국-백제 한성기,인천 불로동 4-2
127.115987E,37.53396N,경기,Charcoal,서울 풍납토성,라-7 ,National Research Institute of Cultural Heritage,1850,50,중도,,원삼국-백제 한성기,서울 풍납토성 라-7 
127.115987E,37.53396N,경기,Charcoal,서울 풍납토성,PungnapⅠ-가-4,National Research Institute of Cultural Heritage,1850,50,중도,,원삼국-백제 한성기,서울 풍납토성 PungnapⅠ-가-4
127.091459E,37.190436N,경기,Charcoal,화성 감배산,C-2 ,Museum of Gyounggi University,1850,60,마한,,원삼국-백제 한성기,화성 감배산 C-2 
126.903069E,37.129636N,경기,Charcoal,화성 발안리,27 ,Gijeon Cultural Property Research Institute,1850,50,마한,,원삼국-백제 한성기,화성 발안리 27 
126.639648E,37.64342N,경기,Charcoal,김포 한강 신도시,1-3(다)-2 ,Korea Institute of Heritage,1850,60,,,원삼국-백제 한성기,김포 한강 신도시 1-3(다)-2 
127.902813E,37.129878N,경기,Charcoal,화성 발안리,27,Gijeon Cultural Property Research Institute,1850,50,중도,No,원삼국-백제 한성기,화성 발안리 27
128.397984E,37.390637N,강원,Charcoal,평창 후평리,가-4,Gangwon Research Institute of Archaeological and Cultural Properties,1850,30,중도,No,원삼국-백제 한성기,평창 후평리 가-4
127.378916E,37.680931N,경기,Charcoal,가평 대성리,11 ,Gyounggi Cultural Property Research Institute,1855,25,중도,,원삼국-백제 한성기,가평 대성리 11 
127.378916E,37.680931N,경기,Charcoal,가평 대성리,5 ,Gyounggi Cultural Property Research Institute,1855,25,중도,,원삼국-백제 한성기,가평 대성리 5 
127.243675E,37.39228N,경기,Charcoal,광주 장지동,21 ,Gyounggi Cultural Property Research Institute,1855,20,중도,,원삼국-백제 한성기,광주 장지동 21 
127.378916E,37.680931N,경기,Charred material,가평 대성리,10 ,Gyounggi Cultural Property Research Institute,1859,17,중도,,원삼국-백제 한성기,가평 대성리 10 
127.098028E,37.19868N,경기,N/A,화성 청계리,마-A Pottery,Hanbaek Cultural Property Research Institute,1860,40 ,마한,,원삼국-백제 한성기,화성 청계리 마-A Pottery
127.239338E,37.994458N,경기,Charcoal,포천 거사리,C-1,Dongguk Institute of Cultural Properties,1860,29,중도,Yes,원삼국-백제 한성기,포천 거사리 C-1
127.364665E,37.795516N,경기,Charcoal,가평 항사리,나-15,Korea Institute of Heritage,1864,39 ,중도,,원삼국-백제 한성기,가평 항사리 나-15
127.997735E,37.812135N,강원,Charcoal,홍천 철정리,A-4 ,Gangwon Cultural Property Research Institute,1865,36,중도,,원삼국-백제 한성기,홍천 철정리 A-4 
127.378916E,37.680931N,경기,Charred material,가평 대성리,6 ,Gyounggi Cultural Property Research Institute,1865,20,중도,,원삼국-백제 한성기,가평 대성리 6 
127.013889E,38.005556N,경기,Charcoal,연천 남계리,3-1,Museun of Seoul National University,1866,6,중도,Yes,원삼국-백제 한성기,연천 남계리 3-1
127.962071E,37.537727N,강원,Charcoal,횡성 학담리,2,Museum of Hanrim University,1870,50,중도,,원삼국-백제 한성기,횡성 학담리 2
127.018379E,38.109908N,경기,Charcoal,연천 강내리,11 ,Korea Institute of Heritage,1870,40,중도,,원삼국-백제 한성기,연천 강내리 11 
127.378916E,37.680931N,경기,Charcoal,가평 대성리,14 ,Gyounggi Cultural Property Research Institute,1871,16,중도,,원삼국-백제 한성기,가평 대성리 14 
127.378916E,37.680931N,경기,"Charcoal, Charred material",가평 대성리,3 ,Gyounggi Cultural Property Research Institute,1875,15,중도,,원삼국-백제 한성기,가평 대성리 3 
127.743126E,37.913389N,강원,Charcoal,춘천 우두동,Udu park-3,Gangwon Cultural Property Research Institute,1879,39,중도,,원삼국-백제 한성기,춘천 우두동 Udu park-3
128.507406E,37.210748N,강원,Charcoal,영월 삼옥리,3,Yemaek Cultural Property Research Institute,1880,20,중도,,원삼국-백제 한성기,영월 삼옥리 3
127.751408E,37.931132N,강원,Charcoal,춘천 율문리∙천전리,Yulmun∙Cheonjeon-31,Yemaek Cultural Property Research Institute,1880,40,중도,,원삼국-백제 한성기,춘천 율문리∙천전리 Yulmun∙Cheonjeon-31
127.96171E,37.762661N,강원,Charcoal,홍천 성산리,44,Gangwon Cultural Property Research Institute,1880,40,중도,,원삼국-백제 한성기,홍천 성산리 44
126.635093E,37.645535N,경기,Charcoal,김포 양촌,2-4(나)-8 ,Korea Institute of Heritage,1880,60,마한,,원삼국-백제 한성기,김포 양촌 2-4(나)-8 
127.115987E,37.53396N,경기,Charcoal,서울 풍납토성,라-1 ,National Research Institute of Cultural Heritage,1880,50,중도,,원삼국-백제 한성기,서울 풍납토성 라-1 
127.266563E,38.109058N,경기,Charcoal,포천 사정리 모래내,22,Central Institute of Cultural Heritage,1880,40 ,중도,,원삼국-백제 한성기,포천 사정리 모래내 22
127.011691E,38.086696N,경기,Charcoal,연천 삼거리,4,Baekdu Institute of Cultural Heritage,1880,40,중도,No,원삼국-백제 한성기,연천 삼거리 4
127.135791E,37.578845N,경기,Charcoal,구리 토평동,F-10,Seoul Institute of Cultural Heritage,1880,30,중도,No,원삼국-백제 한성기,구리 토평동 F-10
N/A,N/A,강원,N/A,춘천 천전리(한·문277),4,,1880,40,,,청동기,춘천 천전리(한·문277) 4
127.378916E,37.680931N,경기,Charcoal,가평 대성리,1  ,Gyerye Cultural Heritage Research Institute,1881,8,중도,,원삼국-백제 한성기,가평 대성리 1  
128.507406E,37.210748N,강원,Charcoal,영월 삼옥리,4,Yemaek Cultural Property Research Institute,1885,25,중도,,원삼국-백제 한성기,영월 삼옥리 4
128.27063E,37.268031N,강원,Charcoal,영월 주천리,Proto-three Kingdoms 4,Yemaek Cultural Property Research Institute,1886,29,중도,,원삼국-백제 한성기,영월 주천리 Proto-three Kingdoms 4
127.743126E,37.913389N,강원,Charcoal,춘천 우두동,Udu Ⅱ-1,Gangwon Cultural Property Research Institute,1890,40,중도,,원삼국-백제 한성기,춘천 우두동 Udu Ⅱ-1
127.378916E,37.680931N,경기,Charcoal,가평 대성리,18 ,Gyounggi Cultural Property Research Institute,1890,25,중도,,원삼국-백제 한성기,가평 대성리 18 
126.88443E,37.430142N,경기,Charcoal,광명 소하동,2 ,Korea Archaeo-environment Research Institute,1890,50,마한,,원삼국-백제 한성기,광명 소하동 2 
126.903069E,37.129636N,경기,Charcoal,화성 발안리,24 ,Gijeon Cultural Property Research Institute,1890,50,마한,,원삼국-백제 한성기,화성 발안리 24 
127.902813E,37.129878N,경기,Charcoal,화성 발안리,24,Gijeon Cultural Property Research Institute,1890,50,중도,No,원삼국-백제 한성기,화성 발안리 24
N/A,N/A,경기,N/A,인천 중산동(중앙),3-12,,1890,50,,,청동기,인천 중산동(중앙) 3-12
127.243675E,37.39228N,경기,Charcoal,광주 장지동,15 ,Gyounggi Cultural Property Research Institute,1892,19,중도,,원삼국-백제 한성기,광주 장지동 15 
128.507406E,37.210748N,강원,Charcoal,영월 삼옥리,1,Yemaek Cultural Property Research Institute,1895,20,중도,,원삼국-백제 한성기,영월 삼옥리 1
127.378916E,37.680931N,경기,Charred seed,가평 대성리,10,Gyerye Cultural Heritage Research Institute,1899,9,중도,,원삼국-백제 한성기,가평 대성리 10
126.976671E,37.230165N,경기,Charcoal,화성 고금산,2 ,Museun of Seoul National University,1899,84,마한,,원삼국-백제 한성기,화성 고금산 2 
127.743126E,37.913389N,강원,Charcoal,춘천 우두동,Udu Ⅲ-4,Gangwon Cultural Property Research Institute,1900,40,중도,,원삼국-백제 한성기,춘천 우두동 Udu Ⅲ-4
127.751408E,37.931132N,강원,Charcoal,춘천 율문리∙천전리,Yulmun∙Cheonjeon-22,Yemaek Cultural Property Research Institute,1900,40,중도,,원삼국-백제 한성기,춘천 율문리∙천전리 Yulmun∙Cheonjeon-22
127.018379E,38.109908N,경기,Charcoal,연천 강내리,22 ,Korea Institute of Heritage,1900,90,중도,,원삼국-백제 한성기,연천 강내리 22 
127.018379E,38.109908N,경기,Charcoal,연천 강내리,68 ,Korea Institute of Heritage,1900,40,중도,,원삼국-백제 한성기,연천 강내리 68 
127.115987E,37.53396N,경기,Charcoal,서울 풍납토성,가-2  ,National Research Institute of Cultural Heritage,1900,60,중도,,원삼국-백제 한성기,서울 풍납토성 가-2  
127.115987E,37.53396N,경기,Charcoal,서울 풍납토성,라-2 ,National Research Institute of Cultural Heritage,1900,50,중도,,원삼국-백제 한성기,서울 풍납토성 라-2 
127.011691E,38.086696N,경기,Charcoal,연천 삼거리,3,Baekdu Institute of Cultural Heritage,1900,40,중도,No,원삼국-백제 한성기,연천 삼거리 3
128.631196E,37.315825N,강원,Charcoal,정선 가수리,4,Gangwon Institute of Cultural Heritage,1900,30,중도,No,원삼국-백제 한성기,정선 가수리 4
127.243675E,37.39228N,경기,Charcoal,광주 장지동,13 ,Gyounggi Cultural Property Research Institute,1905,25,중도,,원삼국-백제 한성기,광주 장지동 13 
127.194032E,37.72955N,경기,Charcoal,남양주 장현,16,Central Institute of Cultural Heritage,1910,50,마한,,원삼국-백제 한성기,남양주 장현 16
127.826223E,37.338016N,강원,Charcoal,원주 동화리,1,Hangang Cultural Property Research Institute,1915,36,중도,,원삼국-백제 한성기,원주 동화리 1
127.751408E,37.931132N,강원,Charcoal,춘천 율문리∙천전리,Cheonjeon 121-16: 3 ,Museum of Hanrim University,1915,39,중도,,원삼국-백제 한성기,춘천 율문리∙천전리 Cheonjeon 121-16: 3 
127.378916E,37.680931N,경기,Charcoal,가평 대성리,4  ,Gyerye Cultural Heritage Research Institute,1917,9,중도,,원삼국-백제 한성기,가평 대성리 4  
127.537310E,37.421297N,경기,Charcoal,양평 상자포리,2-1,Hanyang Institute of Cultural Heritage,1919,26,중도,No,원삼국-백제 한성기,양평 상자포리 2-1
128.27063E,37.268031N,강원,Charcoal,영월 주천리,Proto-three Kingdoms 2,Yemaek Cultural Property Research Institute,1920,40,중도,,원삼국-백제 한성기,영월 주천리 Proto-three Kingdoms 2
128.27063E,37.268031N,강원,Charcoal,영월 주천리,Proto-three Kingdoms 3,Yemaek Cultural Property Research Institute,1920,40,중도,,원삼국-백제 한성기,영월 주천리 Proto-three Kingdoms 3
127.018379E,38.109908N,경기,Charcoal,연천 강내리,24 ,Korea Institute of Heritage,1920,40,중도,,원삼국-백제 한성기,연천 강내리 24 
127.532306E,37.430364N,경기,Charcoal,양평 하자포리,원-주,Korea Cultural Heritage Foundation,1920,16,중도,No,원삼국-백제 한성기,양평 하자포리 원-주
127.826223E,37.338016N,강원,Charcoal,원주 동화리,3,Hangang Cultural Property Research Institute,1920,36,중도,,원삼국-백제 한성기,원주 동화리 3
127.378916E,37.680931N,경기,Charcoal,가평 대성리,7  ,Gyerye Cultural Heritage Research Institute,1925,25,중도,,원삼국-백제 한성기,가평 대성리 7  
127.96171E,37.762661N,강원,Charcoal,홍천 성산리,19 ,Gangwon Cultural Property Research Institute,1930,50,중도,,원삼국-백제 한성기,홍천 성산리 19 
127.687879E,38.074793N,강원,Charcoal,화천 거례리,1-3-12,Gangwon Archaeological Culture Research Institute,1930,40,중도,,원삼국-백제 한성기,화천 거례리 1-3-12
127.378916E,37.680931N,경기,Charred material,가평 대성리,19 ,Gyounggi Cultural Property Research Institute,1930,20,중도,,원삼국-백제 한성기,가평 대성리 19 
127.320794E,37.54989N,경기,Charcoal,양평 양수리 상석정,A-9,Museum of Sunggyungwan University,1930,40,중도,,원삼국-백제 한성기,양평 양수리 상석정 A-9
126.981489E,37.819986N,경기,Charcoal,양주 광석리,6,Kukbang Cultural Property Research Center,1930,40,중도,,원삼국-백제 한성기,양주 광석리 6
127.018379E,38.109908N,경기,Charcoal,연천 강내리,66 ,Korea Institute of Heritage,1940,40,중도,,원삼국-백제 한성기,연천 강내리 66 
126.514342E,37.524243N,경기,Charcoal,인천 운북동,5-2 ,Hangang Cultural Property Research Institute,1940,50,마한,,원삼국-백제 한성기,인천 운북동 5-2 
127.364665E,37.795516N,경기,Charcoal,가평 항사리,나-13,Korea Institute of Heritage,1940,60 ,중도,,원삼국-백제 한성기,가평 항사리 나-13
127.011691E,38.086696N,경기,Charcoal,연천 삼거리,1,Baekdu Institute of Cultural Heritage,1940,29,중도,Yes,원삼국-백제 한성기,연천 삼거리 1
127.243675E,37.39228N,경기,Charcoal,광주 장지동,9 ,Gyounggi Cultural Property Research Institute,1950,20,중도,,원삼국-백제 한성기,광주 장지동 9 
126.903069E,37.129636N,경기,Charcoal,화성 발안리,12  ,Gijeon Cultural Property Research Institute,1950,50,마한,,원삼국-백제 한성기,화성 발안리 12  
127.902813E,37.129878N,경기,Charcoal,화성 발안리,12,Gijeon Cultural Property Research Institute,1950,50,중도,No,원삼국-백제 한성기,화성 발안리 12
127.701081E,37.885079N,강원,Charcoal,춘천 중도동,1,Gangwon Archaeological Culture Research Institute,1960,50,중도,,원삼국-백제 한성기,춘천 중도동 1
127.115987E,37.53396N,경기,Charcoal,서울 풍납토성,나-8,National Research Institute of Cultural Heritage,1960,50,중도,,원삼국-백제 한성기,서울 풍납토성 나-8
127.751408E,37.931132N,강원,"Charcoal, Charred seed",춘천 율문리∙천전리,Yulmun Ⅰ-1,Yemaek Cultural Property Research Institute,1963,17,중도,,원삼국-백제 한성기,춘천 율문리∙천전리 Yulmun Ⅰ-1
127.672158E,37.289407N,경기,Charcoal,여주 연양리,7 ,Korea Institute of Heritage,1965,36,중도,,원삼국-백제 한성기,여주 연양리 7 
127.378916E,37.680931N,경기,Charcoal,가평 대성리,6  ,Gyerye Cultural Heritage Research Institute,1970,20,중도,,원삼국-백제 한성기,가평 대성리 6  
127.320794E,37.54989N,경기,Charcoal,양평 양수리 상석정,A-17,Museum of Sunggyungwan University,1970,40,중도,,원삼국-백제 한성기,양평 양수리 상석정 A-17
127.194032E,37.72955N,경기,Charcoal,남양주 장현,29,Central Institute of Cultural Heritage,1970,50,마한,,원삼국-백제 한성기,남양주 장현 29
126.903069E,37.129636N,경기,Charcoal,화성 발안리,28 ,Gijeon Cultural Property Research Institute,1970,50,마한,,원삼국-백제 한성기,화성 발안리 28 
127.902813E,37.129878N,경기,Charcoal,화성 발안리,28,Gijeon Cultural Property Research Institute,1970,50,중도,No,원삼국-백제 한성기,화성 발안리 28
127.826223E,37.338016N,강원,Charcoal,원주 동화리,5,Hangang Cultural Property Research Institute,1970,36,중도,,원삼국-백제 한성기,원주 동화리 5
127.011691E,38.086696N,경기,Charcoal,연천 삼거리,2,Baekdu Institute of Cultural Heritage,1975,29,중도,Yes,원삼국-백제 한성기,연천 삼거리 2
128.375016E,37.329616N,강원,Charcoal,춘천 천동리∙마지리,Maji-2,Gangwon Archaeological Culture Research Institute,1980,60,중도,,원삼국-백제 한성기,춘천 천동리∙마지리 Maji-2
126.760831E,37.726843N,경기,Charcoal,파주 운정,Wadong Ⅲ-15-1,Gyounggi Cultural Property Research Institute,1980,60,마한,,원삼국-백제 한성기,파주 운정 Wadong Ⅲ-15-1
127.115987E,37.53396N,경기,Charcoal,서울 풍납토성,PungnapⅠ-가-3,National Research Institute of Cultural Heritage,1980,50,중도,,원삼국-백제 한성기,서울 풍납토성 PungnapⅠ-가-3
127.711551E,37.922077N,강원,Charcoal,춘천 신매리,7,Museum of Hanrim University,1984,27,중도,,원삼국-백제 한성기,춘천 신매리 7
127.320794E,37.54989N,경기,Charcoal,양평 양수리 상석정,A-13,Museum of Sunggyungwan University,1990,40,중도,,원삼국-백제 한성기,양평 양수리 상석정 A-13
127.320794E,37.54989N,경기,Charcoal,양평 양수리 상석정,A-7-3,Museum of Sunggyungwan University,1990,30,중도,,원삼국-백제 한성기,양평 양수리 상석정 A-7-3
128.168599E,37.148507N,충청,Charcoal,제천 왕암동,4-2,Jungwon Cultural Properties Institute,1990,40,중도,,원삼국-백제 한성기,제천 왕암동 4-2
127.249715E,37.968672N,경기,Charcoal,포천 금주리,2,Museum of Sejong University,2000,60,중도,,원삼국-백제 한성기,포천 금주리 2
127.249715E,37.968672N,경기,Charcoal,포천 금주리,3 ,Museum of Sejong University,2004,36,중도,,원삼국-백제 한성기,포천 금주리 3 
127.130485E,37.561785N,경기,Charcoal,서울 암사동,2,Museum of Kyung Hee,2010,60,중도,,원삼국-백제 한성기,서울 암사동 2
N/A,N/A,강원,N/A,화천 거례리 1지구 4구간 A·C-F구역 (한백),청-94,,2010,40,,,청동기,화천 거례리 1지구 4구간 A·C-F구역 (한백) 청-94
127.320794E,37.54989N,경기,Charcoal,양평 양수리 상석정,A-19,Museum of Sunggyungwan University,2020,40,중도,,원삼국-백제 한성기,양평 양수리 상석정 A-19
127.249715E,37.968672N,경기,Charcoal,포천 금주리,1,Museum of Sejong University,2020,60,중도,,원삼국-백제 한성기,포천 금주리 1
127.364665E,37.795516N,경기,Charcoal,가평 항사리,나-12,Korea Institute of Heritage,2020,50 ,중도,,원삼국-백제 한성기,가평 항사리 나-12
127.115987E,37.53396N,경기,Charcoal,서울 풍납토성,라-19  ,National Research Institute of Cultural Heritage,2028,19,중도,,원삼국-백제 한성기,서울 풍납토성 라-19  
127.115987E,37.53396N,경기,Charcoal,서울 풍납토성,PungnapⅠ-나-1,National Research Institute of Cultural Heritage,2030,60,중도,,원삼국-백제 한성기,서울 풍납토성 PungnapⅠ-나-1
126.514342E,37.524243N,경기,Charcoal,인천 운북동,5-1 ,Hangang Cultural Property Research Institute,2040,50,마한,,원삼국-백제 한성기,인천 운북동 5-1 
N/A,N/A,강원,N/A,춘천 천전리 (강원),A-39,,2070,60,,,청동기,춘천 천전리 (강원) A-39
127.115987E,37.53396N,경기,Charcoal,서울 풍납토성,PungnapⅠ-나-8,National Research Institute of Cultural Heritage,2080,60,중도,,원삼국-백제 한성기,서울 풍납토성 PungnapⅠ-나-8
126.903069E,37.129636N,경기,Charcoal,화성 발안리,19  ,Gijeon Cultural Property Research Institute,2080,50,마한,,원삼국-백제 한성기,화성 발안리 19  
127.902813E,37.129878N,경기,Charcoal,화성 발안리,19,Gijeon Cultural Property Research Institute,2080,50,중도,No,원삼국-백제 한성기,화성 발안리 19
N/A,N/A,강원,N/A,화천 거례리 1지구 4구간 A·C-F구역 (한백),청-64,,2080,40,,,청동기,화천 거례리 1지구 4구간 A·C-F구역 (한백) 청-64
127.997735E,37.812135N,강원,Charcoal,홍천 철정리,C-4 ,Gangwon Cultural Property Research Institute,2090,50,중도,,원삼국-백제 한성기,홍천 철정리 C-4 
N/A,N/A,경기,N/A,여주 흔암리,14,,2117,43,,,청동기,여주 흔암리 14
127.962071E,37.537727N,강원,Charcoal,횡성 학담리,1,Museum of Hanrim University,2150,50,중도,,원삼국-백제 한성기,횡성 학담리 1
127.115987E,37.53396N,경기,Charcoal,서울 풍납토성,PungnapⅠ-나-3,National Research Institute of Cultural Heritage,2150,50,중도,,원삼국-백제 한성기,서울 풍납토성 PungnapⅠ-나-3
N/A,N/A,강원,N/A,홍천 철정리Ⅱ,청-C-3,,2150,60,,,청동기,홍천 철정리Ⅱ 청-C-3
127.721289E,37.891914N,강원,Charcoal,춘천 근화동,26,Gangwon Archaeological Culture Research Institute,2162,41,중도,,원삼국-백제 한성기,춘천 근화동 26
N/A,N/A,경기,N/A,강화 장정리,A-4-2,,2170,30,,,청동기,강화 장정리 A-4-2
N/A,N/A,강원,N/A,춘천 현암리,청-22,,2170,40,,,청동기,춘천 현암리 청-22
N/A,N/A,강원,N/A,화천 거례리 1지구 4구간 A·C-F구역 (한백),청-10,,2180,40,,,청동기,화천 거례리 1지구 4구간 A·C-F구역 (한백) 청-10
127.115987E,37.53396N,경기,Charcoal,서울 풍납토성,PungnapⅠ-가-2,National Research Institute of Cultural Heritage,2190,50,중도,,원삼국-백제 한성기,서울 풍납토성 PungnapⅠ-가-2
N/A,N/A,강원,N/A,양구 고대리,청-9,,2190,40,,,청동기,양구 고대리 청-9
127.721289E,37.891914N,강원,Charcoal,춘천 근화동,18,Gangwon Archaeological Culture Research Institute,2190,36,중도,,원삼국-백제 한성기,춘천 근화동 18
N/A,N/A,강원,N/A,화천 거례리 1지구 4구간 A·C-F구역 (한백),청-59,,2200,40,,,청동기,화천 거례리 1지구 4구간 A·C-F구역 (한백) 청-59
N/A,N/A,경기,N/A,여주 흔암리,13,,2202,43,,,청동기,여주 흔암리 13
N/A,N/A,강원,N/A,양구 고대리,청-4,,2230,40,,,청동기,양구 고대리 청-4
N/A,N/A,강원,N/A,춘천 천전리 (강원),A_71,,2230,60,,,청동기,춘천 천전리 (강원) A_71
127.997735E,37.812135N,강원,Charcoal,홍천 철정리,A-7,Gangwon Cultural Property Research Institute,2240,60,중도,,원삼국-백제 한성기,홍천 철정리 A-7
N/A,N/A,강원,N/A,춘천 거두리(강원),9,,2240,70,,,청동기,춘천 거두리(강원) 9
N/A,N/A,강원,N/A,춘천 우두동 유적Ⅱ,청-12,,2250,40,,,청동기,춘천 우두동 유적Ⅱ 청-12
127.721289E,37.891914N,강원,Charcoal,춘천 근화동,11,Gangwon Archaeological Culture Research Institute,2260,36,중도,,원삼국-백제 한성기,춘천 근화동 11
N/A,N/A,강원,N/A,춘천 우두동 유적Ⅱ,청-2,,2270,40,,,청동기,춘천 우두동 유적Ⅱ 청-2
N/A,N/A,강원,N/A,춘천 북한강 수계 기존제방 보강공사 구간내(신매 1제),6,,2284,34,,,청동기,춘천 북한강 수계 기존제방 보강공사 구간내(신매 1제) 6
N/A,N/A,강원,N/A,화천 거례리 1지구 4구간 A·C-F구역 (한백),청-78,,2290,40,,,청동기,화천 거례리 1지구 4구간 A·C-F구역 (한백) 청-78
N/A,N/A,강원,N/A,양구 고대리,청-1,,2300,40,,,청동기,양구 고대리 청-1
N/A,N/A,경기,N/A,평택 소사동,가-4,,2300,50,,,청동기,평택 소사동 가-4
N/A,N/A,강원,N/A,화천 거례리 1지구 4구간 A·C-F구역 (한백),청-91,,2300,40,,,청동기,화천 거례리 1지구 4구간 A·C-F구역 (한백) 청-91
N/A,N/A,강원,N/A,화천 거례리 1지구 4구간 A·C-F구역 (한백),청-46,,2310,40,,,청동기,화천 거례리 1지구 4구간 A·C-F구역 (한백) 청-46
N/A,N/A,강원,N/A,화천 거례리 1지구 4구간 A·C-F구역 (한백),청-8,,2315,29,,,청동기,화천 거례리 1지구 4구간 A·C-F구역 (한백) 청-8
N/A,N/A,경기,N/A,남양주 지금동,청-2,,2320,30,,,청동기,남양주 지금동 청-2
N/A,N/A,강원,N/A,춘천 거두리(강원),11,,2320,40,,,청동기,춘천 거두리(강원) 11
N/A,N/A,강원,N/A,양구 고대리,청-14,,2330,50,,,청동기,양구 고대리 청-14
N/A,N/A,강원,N/A,춘천 현암리,청-15,,2330,40,,,청동기,춘천 현암리 청-15
N/A,N/A,경기,N/A,평택 수월암리,2-9,,2330,40,,,청동기,평택 수월암리 2-9
N/A,N/A,경기,N/A,평택 장당동,유물산포지25-8,,2330,60,,,청동기,평택 장당동 유물산포지25-8
N/A,N/A,강원,N/A,화천 거례리 1지구 4구간 A·C-F구역 (한백),청-34,,2330,29,,,청동기,화천 거례리 1지구 4구간 A·C-F구역 (한백) 청-34
N/A,N/A,강원,N/A,화천 거례리 1지구 3구간,청-70,,2335,29,,,청동기,화천 거례리 1지구 3구간 청-70
N/A,N/A,강원,N/A,춘천 우두동 유적Ⅱ,청-3,,2340,40,,,청동기,춘천 우두동 유적Ⅱ 청-3
N/A,N/A,강원,N/A,춘천 천전리(한·문277),1,,2340,40,,,청동기,춘천 천전리(한·문277) 1
N/A,N/A,강원,N/A,춘천 현암리,청-55,,2340,40,,,청동기,춘천 현암리 청-55
N/A,N/A,강원,N/A,화천 거례리 1지구 3구간,청-42,,2340,40,,,청동기,화천 거례리 1지구 3구간 청-42
N/A,N/A,강원,N/A,화천 거례리 1지구 5구간,청-7,,2340,29,,,청동기,화천 거례리 1지구 5구간 청-7
N/A,N/A,강원,N/A,화천 거례리 1지구 4구간 A·C-F구역 (한백),청-83,,2350,40,,,청동기,화천 거례리 1지구 4구간 A·C-F구역 (한백) 청-83
N/A,N/A,강원,N/A,춘천 천전리Ⅱ,본-청-9,,2357,23,,,청동기,춘천 천전리Ⅱ 본-청-9
128.434999E,37.177728N,강원,Charcoal,영월 방절리,청-주,Gangwon Research Institute of Archaeological and Cultural Properties,2360,21,,Yes,청동기,영월 방절리 청-주
N/A,N/A,강원,N/A,춘천 천전리Ⅱ,본-청-15,,2360,28,,,청동기,춘천 천전리Ⅱ 본-청-15
N/A,N/A,경기,N/A,평택 토진리,2,,2360,60,,,청동기,평택 토진리 2
N/A,N/A,경기,N/A,서울 고덕동,D-3,,2361,25,,,청동기,서울 고덕동 D-3
N/A,N/A,강원,N/A,춘천 신매리Ⅲ,청-19,,2363,24,,,청동기,춘천 신매리Ⅲ 청-19
N/A,N/A,경기,N/A,안양 관양동,2,,2370,90,,,청동기,안양 관양동 2
N/A,N/A,경기,N/A,인천 원당동Ⅱ,가-6,,2370,40,,,청동기,인천 원당동Ⅱ 가-6
N/A,N/A,강원,N/A,춘천 중도동,E-110,,2370,30,,,청동기,춘천 중도동 E-110
N/A,N/A,경기,N/A,평택 수월암리,2-10,,2370,40,,,청동기,평택 수월암리 2-10
N/A,N/A,강원,N/A,화천 거례리 1지구 4구간 A·C-F구역 (한백),청-45,,2375,29,,,청동기,화천 거례리 1지구 4구간 A·C-F구역 (한백) 청-45
N/A,N/A,경기,N/A,김포 양촌,1-H-5,,2380,40,,,청동기,김포 양촌 1-H-5
N/A,N/A,강원,N/A,양구 고대리,청-19,,2380,50,,,청동기,양구 고대리 청-19
N/A,N/A,경기,N/A,인천 중산동(중앙),3-32,,2380,50,,,청동기,인천 중산동(중앙) 3-32
N/A,N/A,강원,N/A,춘천 중도동(하중도F),청-2,,2380,50,,,청동기,춘천 중도동(하중도F) 청-2
N/A,N/A,강원,N/A,춘천 천전리(한·문277),2,,2380,40,,,청동기,춘천 천전리(한·문277) 2
N/A,N/A,강원,N/A,춘천 천전리 (강원),A-63,,2380,43,,,청동기,춘천 천전리 (강원) A-63
N/A,N/A,강원,N/A,춘천 현암리,청-18,,2380,40,,,청동기,춘천 현암리 청-18
N/A,N/A,강원,N/A,춘천 신매리 329-1번지,1,,2390,30,,,청동기,춘천 신매리 329-1번지 1
N/A,N/A,강원,N/A,춘천 중도동,H2-2,,2390,40,,,청동기,춘천 중도동 H2-2
N/A,N/A,강원,N/A,춘천 중도동,E-273,,2390,30,,,청동기,춘천 중도동 E-273
N/A,N/A,강원,N/A,춘천 현암리,청-43,,2390,50,,,청동기,춘천 현암리 청-43
N/A,N/A,강원,N/A,춘천 현암리,청-31,,2390,40,,,청동기,춘천 현암리 청-31
N/A,N/A,강원,N/A,평창 후평리 유적,1-1,,2390,40,,,청동기,평창 후평리 유적 1-1
N/A,N/A,강원,N/A,화천 거례리 1지구 4구간 A·C-F구역 (한백),청-37,,2390,40,,,청동기,화천 거례리 1지구 4구간 A·C-F구역 (한백) 청-37
N/A,N/A,강원,N/A,화천 거례리 1지구 3구간,청-30,,2393,34,,,청동기,화천 거례리 1지구 3구간 청-30
N/A,N/A,강원,N/A,춘천 중도동(D-E지구),주-36,,2395,36,,,청동기,춘천 중도동(D-E지구) 주-36
N/A,N/A,강원,N/A,화천 용암리 (강원),80,,2396,36,,,청동기,화천 용암리 (강원) 80
N/A,N/A,강원,N/A,화천 거례리 1지구 5구간,청-42,,2398,32,,,청동기,화천 거례리 1지구 5구간 청-42
127.536111E,37.423056N,경기,Charcoal,양평 하자포리,청-주-1,Korea Cultural Heritage Foundation,2399,27,,No,청동기,양평 하자포리 청-주-1